EN,MI,SD,SF,AG,SSIM,MS_SSIM,Qabf,VIF,Nabf,SCD,CC,PSNR,MI_A,MI_B,SSIM_A,SSIM_B,method,stem
6.031665917322624,1.3082081908307952,16.091639814424116,18.51690610704782,11.942143144289087,0.2506755923218192,0.6573819201050584,0.2359968018156554,0.023214020455029415,0.07526478312455405,0.9050776427461703,0.48088909638122923,24.38768936544241,0.11836249663527454,1.1898456941955207,0.04856112133504441,0.452790063308594,MDFNet,02-A02
5.703517899550426,1.0120274257601825,13.115852863587843,18.86918535317634,12.244007244922358,0.2871080004435945,0.7588170994823006,0.31838715750692015,0.023953138001572512,0.10613616852724687,0.8739705642114348,0.45393693073028957,27.780184553913077,0.10402932572321788,0.9079981000369646,0.1324719910717235,0.4417440098154656,MDFNet,02-A03
5.770884456458448,0.9290933639295496,13.442645113834184,17.728476382848175,11.741266860411402,0.2974167993741258,0.668229870409121,0.2424990018361008,0.02388202648167824,0.06667574336185397,0.8525037225136853,0.45516827097054563,26.254596388082337,0.12049821882273193,0.8085951451068176,0.10865943596701216,0.48617416278123937,MDFNet,02-A05
6.033831012798659,1.3504664611970352,16.191292068339333,18.85863917675776,11.705976967742512,0.26185084350075055,0.6211579017875616,0.1793018356788834,0.023754152324199886,0.08353295172691519,0.93702536261949,0.43173049558987103,23.98215914135333,0.08306562770238912,1.267400833494646,0.07200016025793102,0.45170152674357006,MDFNet,02-A07
5.954519335810697,1.1670882196382832,15.211415047748805,18.524031712141284,12.048321880169478,0.2559234659330829,0.6427792622953389,0.3811381579013941,0.0267477331751174,0.05881181944312645,0.9061731202588035,0.44864790079670125,27.660401745352626,0.0477133427778087,1.1193748768604745,0.019403400186437186,0.49244353167972865,MDFNet,02-A11
6.357504940448944,1.3511807572131982,20.153812173146765,19.283259570182466,12.381752808183341,0.2889440411366909,0.5804075947172807,0.3579370314654234,0.03006820506095536,0.0293345939985495,0.9500539360524158,0.5235415889124226,26.326634224240873,0.11479526368870374,1.2363854935244944,0.054120656710825686,0.5237674255625562,MDFNet,02-B02
5.988848593713872,1.6169512902123149,15.830800632146298,19.04824263880718,11.359308401201611,0.28752278075951093,0.6354662535103708,0.25183731845859947,0.028412199703792475,0.09899887917775553,0.757356702636018,0.4486228140097149,22.669468136615762,0.20681665987767062,1.4101346303346443,0.09101691017105173,0.48402865134797013,MDFNet,02-B03
6.3126372895890555,1.1943419958049546,19.75230635520856,20.514922205102046,12.416173252410966,0.3153387414192001,0.5828634485133742,0.2973264930689428,0.027591804327061854,0.030296307623417205,0.8922954662047285,0.5410119469462323,22.582211805460012,0.1740314383536159,1.0203105574513387,0.08085630341356621,0.549821179424834,MDFNet,02-B05
6.123589550130507,1.3835334178062197,17.018976535313968,18.316590309237917,11.850623928918173,0.28575783890096157,0.6578641644335442,0.23743816587454614,0.026184861670286115,0.0834534267205578,0.8055520157474823,0.5116412093528296,25.420463592402534,0.1020276215088245,1.2815057962973952,0.0943773180373554,0.4771383597645677,MDFNet,02-B06
6.041251788058659,1.5437573832322276,16.21343123866744,18.878160471929917,12.263803521175001,0.25430443923223556,0.7108207566670148,0.2688906496217757,0.022716580754360217,0.11408916741744742,0.7952404391382755,0.5600306294943266,26.724347501134194,0.21343961910953801,1.3303177641226895,0.09451999683200143,0.4140888816324697,MDFNet,02-B07
6.095570346984449,1.0605529232008308,16.663161187915897,18.62169221458819,11.802819247596323,0.3401131074833189,0.5913744931401499,0.2127840045730026,0.025091672208785047,0.08447872062284417,1.1323334320585339,0.41591392709494657,24.20307664955677,0.11850250599631629,0.9420504172045145,0.18722399189444536,0.4930022230721925,MDFNet,02-B08
6.252402665683466,1.4917755886345354,18.818429080395347,17.567615245826918,11.394217332153838,0.32290767318654134,0.6996298981309997,0.35218318052811165,0.025494615057184075,0.059122210682489414,0.886386408709691,0.5768598685597546,27.052325882189187,0.23418407335509706,1.2575915152794384,0.12759473253715753,0.5182206138359252,MDFNet,02-B09
6.228968331682239,1.506285401544007,19.73749725779702,19.07495200600985,12.334095347231715,0.25662211137824553,0.6125278942243189,0.36283655754346006,0.02685251402227993,0.04125113364285399,0.9132600541866525,0.5235650608392527,26.93044906430767,0.12314618806568056,1.3831392134783265,0.02487286281046949,0.4883713599460216,MDFNet,02-B10
5.951559738992483,1.7092111617481045,15.425580576370221,17.44936293871848,11.543421771159544,0.24259407942437314,0.719143894478929,0.2192577757223184,0.020415423774656875,0.16175759146071858,0.4230740150598845,0.6203775670342813,27.281995657766025,0.25516795289337324,1.4540432088547313,0.06314666958709418,0.4220414892616521,MDFNet,02-B11
5.81872638505395,0.9069292382632597,14.189580728377557,18.857974295485935,11.911547369040285,0.2813136517076605,0.6220805928047879,0.17657244610567588,0.021702308456656157,0.043026331265835216,0.6725639356898272,0.4826515167211124,23.784924307248055,0.14885632317053066,0.758072915092729,0.09117948363915636,0.4714478197761646,MDFNet,02-B12
5.481687862626665,0.7924778325015538,11.181130078177382,17.79997515544564,11.737411008848195,0.2884812795573981,0.7860182443668595,0.10221036337682438,0.015256583882051948,0.26587656818351085,0.5523983911788429,0.45010135862080936,28.199262398914836,0.3006770866078039,0.4918007458937499,0.17933624149470898,0.39762631762008727,MDFNet,02-C01
5.941294188164903,1.1013194468533065,15.149774666250353,18.691646334049405,12.042545245678609,0.26145834119578887,0.5981070161613391,0.2723539578373846,0.025136395401364742,0.055598720771962845,0.9734038270860389,0.4317973081313102,24.894815481766777,0.09931671002891207,1.0020027368243944,0.04367419486387838,0.4792424875276993,MDFNet,02-C02
6.177561635797099,1.255356492943978,18.131879535344083,18.52677197333967,12.048552016618611,0.3353499594267086,0.677884299381372,0.3440924242526797,0.029094172261697852,0.10751074572049914,1.0692805258947882,0.5334927573790551,27.443412381450894,0.1146803324031378,1.1406761605408402,0.18173751539214594,0.48896240346127123,MDFNet,02-C03
6.941365160527564,1.510936753310089,30.549298938190468,29.051797947458283,17.514317134671163,0.1702168172605347,0.5265752144765717,0.15484169129061506,0.018122601219394206,0.5091657961705288,0.9848700228585313,0.36639691739476643,21.647302402810205,0.05421238553572216,1.4567243677743669,0.03465908900052726,0.3057745455205421,MDFNet,02-C05
5.552685935680011,0.9014950310559122,11.99413563797702,18.717068321252018,11.576812642466951,0.25357432800423635,0.6988042128923063,0.12903574707097631,0.017365505173291513,0.12829463167552316,0.35537878867879075,0.44666841040487637,23.939246681530676,0.17833551178023122,0.723159519275681,0.08701876454052725,0.4201298914679455,MDFNet,02-C06
6.312310015088068,1.403421742431302,19.756640884777532,19.046502557140798,12.296921379683898,0.304823496876568,0.6135684514971894,0.354773736465898,0.03151503828434285,0.044541973584951385,0.8594426472710051,0.5685839381135283,26.571199519044335,0.1510032937683654,1.2524184486629366,0.08389835160304707,0.525748642150089,MDFNet,02-C07
6.3482982739597045,1.8440496356219356,19.98300736154167,19.121266758064504,11.950437106509714,0.3684096773704992,0.7267358661106561,0.25224498709958787,0.024246178196499726,0.08917986172662253,0.7993130344946151,0.5102129915271154,25.4726924032838,0.0717383072015707,1.7723113284203649,0.23313414961309384,0.5036852051279045,MDFNet,02-C08
6.331934237723749,1.6899173451675598,20.461471286876442,17.89276899366372,11.593546022442451,0.2978099471059853,0.7168359680964476,0.2185477402032794,0.02272068347752052,0.1491719319675627,1.0358387168957646,0.5254271020786716,27.35074452831023,0.16621961578954902,1.5236977293780107,0.16485683563923154,0.43076305857273905,MDFNet,02-C09
6.197602416945711,1.2939553372446433,18.265522466292605,18.94878602629971,12.110457849470606,0.2666581602133319,0.5985988801268476,0.29053332175652685,0.02693738314865453,0.04248026278018537,0.8539654726548969,0.5497099234548372,24.67829286832132,0.16183283286298966,1.1321225043816536,0.043255514784647786,0.49006080564201593,MDFNet,02-C10
6.25592266159496,1.3865623580254773,19.884287378295294,18.763110319837374,12.191046931523072,0.31152083989315005,0.6211452932870285,0.3350870193031344,0.03091504527517063,0.04316882575593515,0.9549178444471105,0.4881721955802849,26.84889716656599,0.05097869460080595,1.3355836634246714,0.08793732445649563,0.5351043553298045,MDFNet,02-C12
5.976911804465536,1.3470063033939503,15.413166438606938,17.861006545692828,11.673987925293252,0.2682785351396739,0.6899020732096703,0.28407670301396254,0.02582261984592955,0.08915645420238259,0.7780116994655331,0.527634916670696,26.880265653067504,0.1011407262146733,1.245865577179277,0.056844023511830384,0.47971304676751747,MDFNet,02-D01
6.142441154771241,1.3976095370299113,17.635214470744636,17.77459203286555,11.506911516539214,0.2606065993937337,0.7315733393660171,0.2011672622029956,0.020274010563705883,0.09217269525354992,1.1026557597025934,0.5070747728468402,27.219770695486094,0.12023576123509194,1.2773737757948194,0.07801377103749889,0.44319942774996857,MDFNet,02-D02
6.435029549695225,1.7085243802823893,21.537205039878426,18.99152206302205,12.21008023929864,0.28205969842293854,0.5687488456218824,0.4106321284763377,0.03461991872454869,0.04916548080947408,1.0097500771674595,0.5129310934869729,27.366975515484285,0.07687429895256948,1.6316500813298198,0.03790153398644985,0.5262178628594273,MDFNet,02-D04
6.432565324773839,1.645010494976903,21.38469312625175,19.329920599919667,12.340097296170413,0.26324626464349254,0.6118301684720634,0.3616545690604848,0.028333290918043545,0.03353128973037676,1.0410427694442754,0.4745207020746359,25.14358526776821,0.0756860577326357,1.5693244372442674,0.012467384142878757,0.5140251451441064,MDFNet,02-D05
5.852467813559082,1.2977524223082337,14.157403936846453,18.230537650118226,11.651720746850552,0.24342730333786652,0.7035500558259149,0.215904539367299,0.023909656613682065,0.16839469152777956,1.0162855014711079,0.49157849858307456,25.93296748864706,0.18887144120417432,1.1088809811040594,0.09073620749798265,0.3961183991777504,MDFNet,02-D06
6.009499938218425,1.0269417707011979,15.974404559067564,19.502972528218027,12.05467064203812,0.3127422817038223,0.6060207423835647,0.22795049653627883,0.022300793751044955,0.04327252563724459,0.9567874641778522,0.42685392725753635,23.814630101440958,0.09112232209963267,0.9358194486015652,0.1104506517520919,0.5150339116555527,MDFNet,02-D07
5.947177354528359,1.1623535420156035,15.037325973051335,18.55033551327414,11.844025989805871,0.2970939164030105,0.6911749718206339,0.17017986190139855,0.021809985699717083,0.07787209634906903,0.6062066013607192,0.5183299185536167,24.683667352767593,0.18535391364832776,0.9769996283672757,0.13469348382425805,0.45949434898176295,MDFNet,02-D08
5.580991538538994,1.2924583110804306,11.974981077109655,17.665547747925782,11.656229254606433,0.25471388446025467,0.7515607397393822,0.26631464314058656,0.023744570135386188,0.1778846588258744,0.759317685823194,0.41114415782657854,27.03344664232672,0.12107759426179499,1.1713807168186356,0.07527117731575195,0.43415659160475745,MDFNet,02-D09
5.957108677346119,1.0616537201082288,15.261525122200206,18.75641177425928,12.107610616722768,0.31255130625128524,0.7180873507665289,0.2877109174016175,0.02773439594734903,0.07221837257080252,0.9267809265380629,0.45009659338561764,28.029411551099344,0.04892572599951173,1.012727994108717,0.15573400395441395,0.4693686085481565,MDFNet,02-D11
5.569564081067391,0.6961990701171565,12.116652455436688,17.345231754391605,11.519558837585826,0.3130217591054806,0.7095874570914111,0.16187336376759975,0.01765562036852277,0.04508107325635737,0.8486012610324007,0.4502173378138364,25.655936335308592,0.21538387680632454,0.480815193310832,0.1566297510978097,0.46941376711315147,MDFNet,02-D12
6.0737132292892895,1.4586836348179393,16.55029053691504,18.248215128245494,11.838717787842473,0.2566885864575858,0.6514563107303637,0.20929772385173515,0.024354625440733836,0.08775895352757283,0.693614448044482,0.534875959015477,25.16321994541686,0.11262282632011278,1.3460608084978265,0.05461419868546957,0.458762974229702,MDFNet,02-E01
6.005667104018595,1.253018707934693,15.899229209064387,17.877729022408573,11.762132132730851,0.27192819128067874,0.6330223809506547,0.30695242711234794,0.02467838143476445,0.07849465403230946,1.0668297472198514,0.4564642594847535,26.652093994639408,0.08910560847657578,1.1639130994581173,0.07033796464749394,0.4735184179138635,MDFNet,02-E04
5.951573198458993,1.139573049622971,15.726443853868254,19.46573421120953,11.79969218695442,0.3109277597746112,0.6194885152747007,0.23163467026403012,0.024703949822750915,0.04432861776081937,0.7300383776084798,0.4993319627858054,23.29983316399858,0.13568629655256892,1.003886753070402,0.10028839679974019,0.5215671227494821,MDFNet,02-E05
6.135299698943023,1.2263367308663167,17.45115108341707,17.336221710522942,11.191280175280813,0.3297938661183226,0.740902473700454,0.19814925775889738,0.019072547321707215,0.14146362969664666,1.1776624545665708,0.5159335427916476,27.58640710026161,0.1769339445405631,1.0494027863257536,0.2067190713795229,0.4528686608571223,MDFNet,02-E07
5.418215334209414,0.9801571771138278,11.353114938722872,18.572679915085097,11.32825204222159,0.4160562545036658,0.8222181297178648,0.16212269835644402,0.020205192831354194,0.15075073227333824,0.5824138948662918,0.29803427699177126,27.483840384787626,0.042718419442609346,0.9374387576712184,0.37456791499105874,0.4575445940162729,MDFNet,02-E08
5.7231161916770255,0.920761134602385,13.259883235319046,19.12529814793624,11.85394449966255,0.29118355079627234,0.6709376741303904,0.21136307425700393,0.02271555908798618,0.10841902294025385,0.8026738435387278,0.3979995204461465,24.08479067906636,0.11344225174915401,0.807318882853231,0.12226513991746128,0.46010196167508344,MDFNet,02-E09
5.9970472418171905,1.0084791234672217,15.755446026153729,19.05334304593904,11.826291057280125,0.32351659425651097,0.6506229565471773,0.12904096079249378,0.021148913121075735,0.028249461583340154,0.635997513925398,0.5123194665785437,24.186380294914027,0.142565892002251,0.8659132314649707,0.17312895255387,0.47390423595915193,MDFNet,02-E10
6.156875415319139,1.8298240345192802,17.913634562064395,17.185219476677467,11.265647352220196,0.3683357032419976,0.8132469422096629,0.23200646082596554,0.02318036430132932,0.1274063734309343,0.845369058181187,0.5262702300532797,27.831974023896592,0.195119562584388,1.6347044719348922,0.2629360665859357,0.47373533989805955,MDFNet,02-E11
5.758359507819475,1.01625324872502,13.332952643226864,17.542824529013373,11.588522243031678,0.2694703311650446,0.7212815802160375,0.21297099483062676,0.020219863206601206,0.07704546860505213,0.6607746301942266,0.534920923760645,26.42366968106615,0.22528667153668813,0.7909665771883319,0.08906769245347537,0.44987296987661385,MDFNet,02-E12
5.645646056311519,0.7290056392284683,12.301991888551369,18.022496187827965,11.816977555909622,0.2924939968604873,0.7220685141538326,0.20344421643398683,0.021063484919957163,0.13782764842382725,0.9950375034173085,0.40781713523697216,27.298442348252053,0.11119913813958782,0.6178065010888805,0.1408591947601355,0.4441287989608392,MDFNet,02-F02
5.742966992780076,1.1818024924621877,13.156089877499387,18.960824022102504,12.310352747485702,0.2408342202265633,0.7109742503501737,0.19495053063775508,0.019639401467011423,0.10304884615523237,1.0126544196808256,0.4479513510659698,27.596079408441074,0.1766658637631071,1.0051366286990806,0.0866928091109846,0.39497563134214203,MDFNet,02-F04
5.841898039031177,1.429533884073452,14.093433630950567,19.33712190787327,12.266568754634244,0.22751909354568678,0.6954445541929415,0.4138837298414319,0.027507887728613657,0.11877833669297352,0.871137955341621,0.40473696891975147,28.168289412690246,0.05304812248482449,1.3764857615886275,0.026458594464395472,0.4285795926269781,MDFNet,03-A03
5.500530807043281,0.8079136234131568,11.422918107346934,17.65907998615632,11.669765677188561,0.2828831111766351,0.7225185344029298,0.1965672240762781,0.01738835840025611,0.13582766056904239,0.6938309489919957,0.4177035609497092,26.204843936849002,0.2445519176537445,0.5633617057594122,0.1321105624761344,0.43365565987713584,MDFNet,03-A04
5.45286390434075,1.2735578536508791,11.024035879132972,17.36529233199635,11.507235884987725,0.39807992394908487,0.8209337769173082,0.21392092092022752,0.02545540801267587,0.18600984709414561,0.6834567989911033,0.37285203665126143,28.135354403749496,0.0634247467610285,1.2101331068898507,0.33778633586872525,0.45837351202944443,MDFNet,03-A05
5.804842992252225,1.5252564997698883,13.96134493444239,18.480773278072288,11.27851422205884,0.39916560800914036,0.7544462544969064,0.1989885345501838,0.024635495859043063,0.12267623357588497,0.6511356996264612,0.45577008048337697,26.651542456258944,0.12421922298056387,1.4010372767893244,0.3159269137568292,0.4824043022614516,MDFNet,03-A10
5.664049915808556,0.9761719999468657,12.611729648667794,18.624280519245644,11.837884542596145,0.258090461444917,0.6876075924588484,0.17624282461777485,0.018969532477142795,0.10930764800676178,0.6592894676060157,0.43032362508716354,24.281886969387546,0.11739980879468881,0.8587721911521768,0.08401567114376503,0.43216525174606896,MDFNet,03-A11
5.481095040737471,0.8264252779557193,11.660335803763266,18.73300177806822,11.655923066652266,0.242643426878964,0.6862658377530845,0.15717195606710727,0.016530543685518793,0.11130736945547977,0.5623672774818587,0.37875577501076096,23.70204803319229,0.16693532659526333,0.659489951360456,0.0560545981615276,0.42923225559640044,MDFNet,03-A12
5.29363676059764,1.2790557934107785,13.633716384047165,14.107925939824895,9.112452144696954,0.2790829272227472,0.756949074883174,0.2061777072267173,0.022637236630530404,0.14031257602516023,1.1334484218162215,0.5991380603605252,21.89983208230583,0.21758372549678562,1.0614720679139928,0.2929000912874507,0.2652657631580437,MDFNet,03-B01
5.995099741342935,1.369514137477224,15.617819872501107,19.456372426339552,12.46224237716665,0.2381245587524821,0.6666102919594867,0.3679236186962842,0.025713085214359936,0.07227002050679679,0.8869842980685771,0.4895031923305691,27.628581570760794,0.11454855411909204,1.254965583358132,0.020733682820406708,0.45551543468455746,MDFNet,03-B02
6.205024925563877,1.5421708205750875,18.93294743909631,18.370967996882516,11.976649342889088,0.38354753823356397,0.6610153132788233,0.401954651727452,0.03270491436936408,0.04801488067372112,0.9312052886000197,0.49425500973628067,26.978447546017982,0.08240195619259083,1.4597688643824966,0.21375362540851373,0.5533414510586142,MDFNet,03-B03
6.626253035681168,2.088767378728706,25.919798786676655,18.35039018298008,11.699153898202624,0.2788252413341982,0.6736417229740959,0.29823358332652716,0.024943112098382177,0.06475800022191143,1.0181967534512724,0.549794353982928,26.756985835281192,0.2431032030776965,1.8456641756510095,0.07276053185909179,0.48488995080930464,MDFNet,03-B05
5.590808656815969,0.9422076711408511,12.036421439160128,16.76195348625007,11.020631835313807,0.3118623709672811,0.7549885177802125,0.24735880810946076,0.023001545413563095,0.17328933858429668,1.0416646347137213,0.47724975369638073,23.661100704237153,0.1809354176293798,0.7612722535114713,0.23934660806759298,0.38437813386696923,MDFNet,03-B06
5.929562385360626,1.1102695685406214,15.090903951640462,18.637661029501828,11.9483617094463,0.2546912460255422,0.6307293252333659,0.20217240111857643,0.019916331726698707,0.043564027297895234,0.5450752103148024,0.5517553764101855,24.147407441786083,0.2134037708428842,0.8968657976977372,0.05030161506230575,0.4590808769887787,MDFNet,03-B07
6.381857894700322,1.7140981100780603,20.666732025995138,18.62041778195138,11.676947446219177,0.2686115813385908,0.6401446805808918,0.24159732949829357,0.022488828953310384,0.07667333351645308,0.7949289576505044,0.5445109310251155,23.390554233599982,0.1587574518354291,1.5553406582426312,0.06322563819703349,0.47399752448014815,MDFNet,03-B11
6.229641909506132,1.3286210235896032,18.517569783802617,18.497403716718406,12.00620513602213,0.2908096065304227,0.6491850468140916,0.3140309581229151,0.0236736151712837,0.06271146330688004,1.2749438238244455,0.42856500956919297,26.545718488814096,0.11802961005997936,1.2105914135296238,0.09240034956011266,0.48921886350073274,MDFNet,03-C01
5.364792119232599,1.123006514069039,11.062003622330543,17.751654747202263,11.783390697256317,0.23925416015105852,0.7346819102231494,0.25167206025767563,0.020758560882206158,0.1689774703462379,0.547351535208522,0.3595300611782465,26.028035781671548,0.08567300146695711,1.037333512602082,0.050558912597796435,0.4279494077043206,MDFNet,03-C06
5.6208385479816,0.9624473044228505,12.355162437056324,18.125177214115205,11.657492448190938,0.2720410131133381,0.6811963175262316,0.15121389746800415,0.018776297469987928,0.10921623812921016,0.5469323421729346,0.4617793638757298,24.53404337716953,0.18814816968016146,0.7742991347426891,0.11275066529437794,0.4313313609322983,MDFNet,03-C07
5.80816688225789,1.1073721702024173,13.961605171325628,18.082519536636113,11.785996899131774,0.26440442147021126,0.6518536421588523,0.21129294302046775,0.022873702723606785,0.0878389516435108,0.8285696645943548,0.4762574691992192,24.939209976082594,0.16666690639256032,0.940705263809857,0.07511416309635977,0.4536946798440627,MDFNet,03-C08
6.493605525817578,1.880681975798339,23.6192102733855,18.870092200036776,12.089041635929897,0.2653033319560896,0.5541443724267762,0.42032967532213383,0.03225979684550748,0.06306141082405063,1.1183410144106394,0.44505064367568137,27.11868078058812,0.10795932504892036,1.7727226507494187,0.04078237539265058,0.4898242885195287,MDFNet,03-C09
5.691491360297571,0.794176849335642,12.73937435503863,17.74676265183147,11.732080185402332,0.27552532757144854,0.6849017767705414,0.18135471762747876,0.019858836815994835,0.09447668318888654,0.9332438926037288,0.45829334625764906,25.814160669547796,0.22303771162384756,0.5711391377117945,0.10310688279417816,0.4479437723487189,MDFNet,03-D01
6.045692757449149,1.083014498325527,16.232083949756362,18.72661899172102,11.759664728512478,0.3222427191366348,0.6296597597654031,0.2437093355959012,0.027686579939129773,0.0755471860352599,0.8664803469568807,0.4755800770791879,24.25100610012466,0.12784526655994988,0.9551692317655771,0.14558542203293037,0.49890001624033925,MDFNet,03-D02
5.514966085908427,0.5425387784925615,11.432479258616432,18.008211313022144,11.84356635410177,0.294111451521049,0.7199454475626712,0.15889544536540387,0.0183989242988017,0.13937595601464745,0.8809708817318891,0.3583567405846572,25.934976321599134,0.13682474456745197,0.4057140339251095,0.15366091119346892,0.43456199184862915,MDFNet,03-D05
5.851656188065213,1.1133760130319672,14.258433015950386,18.065714633658803,11.867174359802927,0.26957839689540486,0.6956471662804868,0.32546421939738923,0.02535864695482318,0.10929769942685466,0.9229997710667666,0.48510891651419596,27.41992050116504,0.132015082406296,0.9813609306256712,0.08189729275742508,0.4572595010333847,MDFNet,03-D06
5.898357637122786,1.1697295941709598,14.541307406705435,18.593341423028427,11.969225330940475,0.278619674914493,0.6982565270457444,0.3615303790935522,0.026950468092866338,0.09690827827387533,0.8950101597257432,0.4929498160538912,27.995125488707732,0.13508263271670806,1.0346469614542517,0.0858816607214827,0.4713576891075033,MDFNet,03-D08
5.952534117391284,0.9737421724289188,15.147294225472814,18.27876692198931,11.94998293514001,0.3086359660107349,0.6676871860628217,0.21187883366283322,0.022108224656731113,0.06429375413484958,0.9094566394992445,0.5407331823938926,25.93056679225863,0.23996622235040554,0.7337759500785133,0.14284043328805504,0.4744314987334147,MDFNet,03-D09
5.6358122544251374,0.6137005908093478,12.182813681998791,17.927108696984856,11.715934256770035,0.30692790081355387,0.6892581910307354,0.12318940396011217,0.015686961650036864,0.04088634942535042,0.9574634715920461,0.37986534718622345,25.470568871377807,0.09091058173808975,0.522790009071258,0.1511101189194602,0.46274568270764754,MDFNet,03-D10
5.902724550021523,1.5214065120020281,14.623346429706919,19.178688221705567,12.258242129649668,0.21490826496593865,0.6663060096858071,0.34175303797299184,0.029052499790321977,0.1553597246246815,0.9366480121041584,0.4156882397481254,28.157699995630093,0.05181995208017387,1.4695865599218543,0.017827583314675977,0.4119889466172013,MDFNet,03-D12
6.24857171939283,1.294646360560444,18.497241022068113,18.36249045370721,11.919655610488894,0.3082356522929594,0.6007830561036867,0.3448277428786382,0.02949648152762215,0.033360398903368164,0.899275909957276,0.531239032182755,26.412834543413997,0.1175878877060974,1.1770584728543465,0.07941845801558892,0.5370528465703299,MDFNet,03-E02
5.752978822521799,1.406310785874311,13.310864065306722,18.586741239616345,11.969383399617929,0.24967764376575563,0.7305793182485716,0.2716874618210049,0.023752186583084107,0.17850120050368629,1.0295242284448332,0.43567303183937944,27.208527077743017,0.15493158705413101,1.25137919882018,0.09707957834540364,0.4022757091861076,MDFNet,03-E03
6.103725028953996,1.3419179139454478,16.881687802268544,18.137946908886192,11.859436304773942,0.26593466109911346,0.6486252330701114,0.30159808988256065,0.02490514156541704,0.08130441405583871,1.054292069449359,0.4820014759810892,26.821227317185873,0.13655649551079918,1.2053614184346486,0.0671267403347035,0.4647425818635234,MDFNet,03-E06
6.080375083462665,1.760514647270269,16.74065673926453,18.623200999820398,11.898249897916314,0.22521656978798932,0.6893114138614369,0.3153295783501824,0.027489038691395448,0.12114549739376251,0.8023756348936422,0.5792548519054497,26.705560241709286,0.21591172935566316,1.544602917914606,0.043309166664921815,0.40712397291105684,MDFNet,03-E08
5.877997111157358,1.3868689813838904,14.451383613114315,19.650644805181553,12.511235945255539,0.22873014152862275,0.6655077007761506,0.39145618122934017,0.029431506589129165,0.08473992528705646,0.8783111574088787,0.4234838237604932,28.269670609830957,0.11928335504968235,1.267585626334208,0.019431667843798142,0.4380286152134474,MDFNet,03-E09
6.389380399154604,1.5856006977458499,20.830529908851936,19.279892895593797,12.248265162453652,0.27428685234091277,0.588369347152347,0.31072533908362165,0.02631703384507123,0.0476319501259373,1.138657114526197,0.425336941483238,26.246696190853683,0.11986866069164925,1.4657320370542006,0.04642524895042401,0.5021484557314015,MDFNet,03-E12
5.650427607864016,1.3382524842629042,12.374673697047939,19.047014616092568,12.089057149776325,0.22850345598809102,0.732503597503569,0.24907187597383806,0.02275275613778483,0.18944664128551847,1.0450667395234194,0.36255542846035305,27.700293921384848,0.11662540147345801,1.2216270827894462,0.0583972617632849,0.3986096502128971,MDFNet,03-F01
5.982905282354749,1.512868596706138,15.504953301169966,19.201008411111328,12.298670858828732,0.21545887436338088,0.6514485453756514,0.3839702833675253,0.02864810044337942,0.09978427608248114,0.8767271360431065,0.4504844784323224,28.334565700776334,0.043588539863385733,1.4692800568427522,0.007311701582977229,0.4236060471437845,MDFNet,03-F02
5.9430353847584145,1.063475999566256,15.080574619948445,18.539512370262706,12.08093118204881,0.29053886342053115,0.662330850502113,0.350636371292227,0.027400578424295018,0.06447426483287678,0.9733058645979819,0.491434343256725,27.81168164573737,0.11806293344705132,0.9454130661192046,0.08948800033525128,0.49158972650581106,MDFNet,03-F03
6.4172477489325885,1.510351787924023,21.29662322135777,21.400219234485423,13.447749093293568,0.28810723882391776,0.5649318460168877,0.4177555275362416,0.032398235324929095,0.028744958484845845,1.1012484057948702,0.4426756846083295,26.827934263839058,0.12527503249847882,1.385076755425544,0.034801305143869796,0.5414131725039657,MDFNet,03-F04
5.976971462653429,1.5419499791464766,15.458722602716195,18.7931181657875,12.194541941762786,0.21585020792724074,0.6242182671231142,0.4080750864688669,0.03060635250697411,0.11497836353729746,0.9244806292310227,0.41773761421410316,28.35505869954181,0.023990573653689395,1.5179594054927872,0.005181521106675801,0.4265188947478057,MDFNet,03-F05
6.0161677549741785,1.6700963415092733,15.992717604987861,18.388205174566714,11.884240604335266,0.23945481891815,0.7049658109140854,0.33209153741217007,0.026020001764605668,0.13951015270824493,0.8655060829514056,0.5706919132221664,26.7663093413689,0.20807433112741336,1.46202201038186,0.06627621244103277,0.4126334253952672,MDFNet,03-F06
6.107286607489001,1.5487249448519371,16.82101965412008,17.876083346766443,11.711486119576898,0.260338309374488,0.6647938369200158,0.28805394264946727,0.024772537175762756,0.08981695375578713,0.7270911436440486,0.5476662223590822,26.285948020954912,0.17418673310989874,1.3745382117420384,0.06287994576373146,0.45779667298524446,MDFNet,03-F07
6.004174335254176,0.9936281020359843,15.681080706538845,18.553697302234138,11.989190336485512,0.321529400416344,0.6780198338014242,0.30305403572029194,0.024714206144971617,0.07800333754655114,1.073263921647914,0.4642556420860655,27.808823182090944,0.09011293580208601,0.9035151662338983,0.15168560532990058,0.49137319550278735,MDFNet,03-G05
5.911180530358775,1.6425987081539422,14.88365450773337,18.58470155455134,11.747798153551166,0.2281533161911735,0.6796693475455765,0.3599486296162327,0.0289295903407995,0.15843510816807996,0.9083380032460259,0.45121566522473683,28.27412602189353,0.08700899005508589,1.5555897180988563,0.037279074558731085,0.4190275578236159,MDFNet,03-G06
6.077927761331796,1.4948241696848363,16.524121632370484,18.49413005951392,11.836207269452212,0.2587858313109714,0.678009938258747,0.3632636481396568,0.027007447791476763,0.08997991163420822,0.9316770905650889,0.5054584864099138,28.035798261445596,0.10338612180725981,1.3914380478775765,0.05202584450842161,0.4655458181135212,MDFNet,03-G07
6.017508035873549,1.0989892653660434,15.876151169177561,17.988733526931423,11.805134415693933,0.28032427328440207,0.609641338794075,0.249944887086561,0.02287868448674911,0.07416614549312027,1.0748532618380948,0.4465595548722804,25.519708456111996,0.13103154310465825,0.9679577222613851,0.08979003786000465,0.47085850870879953,MDFNet,03-G08
6.078373032247518,1.4275326207982015,16.632204530201644,18.44369004613444,11.734002027235185,0.2570225252779139,0.6663750113106733,0.2789856038652742,0.024321786113932008,0.1110998453115312,1.128114112367336,0.49750647510815227,26.65857873629904,0.14133214039336472,1.2862004804048368,0.07957257969123165,0.43447247086459617,MDFNet,03-G09
5.7608254671613786,1.0010906367863317,13.21162576201337,18.87870217143711,12.179319761628438,0.25679014114399357,0.6717772196643218,0.29671006707473596,0.025055804037227396,0.12086472930357614,1.0958362764174572,0.4123140144157357,26.542376202467555,0.13737089395133673,0.863719742834995,0.08282190371806775,0.43075837856991933,MDFNet,03-G10
5.838994751820224,0.7883105932129357,13.990965004344956,18.259487971752215,11.755379552821477,0.3187352978543472,0.6478508674867665,0.19717820805511174,0.0198308732258874,0.0820287953769231,0.6966236122885692,0.4889600247871002,25.006676474942555,0.2049365155585523,0.5833740776543834,0.17234832316295323,0.4651222725457411,MDFNet,03-G12
5.90603931086874,1.1255881920272905,14.632782903491297,18.188915174158804,11.855667006623872,0.26599937618451247,0.6615689117603174,0.2860410129224182,0.02464365829619992,0.09113339238161423,1.0107375659177724,0.4636512422258461,27.28728645130497,0.11690452649469307,1.0086836655325975,0.068832114029199,0.46316663833982596,MDFNet,04-B01
6.14657389214358,1.2381716354498131,17.315115417609174,17.871081269722488,11.752614083258331,0.3146014901005303,0.6178806612445598,0.2719485215826111,0.026611242776014968,0.05774809264813276,0.9840408401241286,0.48930772596558914,26.761614089904388,0.09224686434507134,1.1459247711047418,0.1345283269479666,0.494674653253094,MDFNet,04-B11
5.837111605436563,1.131709790847415,14.239087880025105,17.6565724268511,11.636631394552914,0.27381586792754486,0.6907262284312053,0.21865083832098856,0.02164030369645431,0.08444260759574088,0.7854973739464439,0.4961596039291368,26.135764393493517,0.13690664455616464,0.9948031462912503,0.07863940436997358,0.46899233148511615,MDFNet,04-C12
5.936419430901027,1.3517913699869304,14.933056297304605,17.772209515848708,11.516646881834367,0.27411533434714275,0.6827505362718008,0.19770390523402806,0.02352089135713974,0.153800612916085,0.8732265101494565,0.443829498191463,25.54556179856135,0.07329795904432324,1.2784934109426072,0.09545794002298316,0.45277272867130236,MDFNet,04-D02
6.426254863770691,1.6980472897764791,21.73746476466158,18.208521517589848,11.781105346140379,0.28848005239857266,0.6297743833190048,0.28512301458007394,0.025607567188632753,0.06128394095608705,0.8455541974922673,0.5829001665397302,27.275653170320098,0.14888085291648068,1.5491664368599984,0.09757029331554187,0.4793898114816034,MDFNet,04-D03
5.968498469849301,1.295612740402719,15.406154848700186,18.788805828193457,12.249760353549366,0.2670349678561202,0.680911256648233,0.2965191452899406,0.02343325350577605,0.06081513222871409,0.9316639796929591,0.4411624802707829,26.107918993216288,0.11315855165639199,1.182454188746327,0.05764572071590863,0.47642421499633175,MDFNet,04-D04
6.094369665092272,1.5733162253357929,16.633206843253735,18.79029682263904,12.18291701081087,0.24565857363860605,0.6596725169044773,0.3590662423373495,0.030277210668438744,0.09155199349910675,0.868399664645955,0.4968283879739487,28.511670808515657,0.06801640781231022,1.5052998175234826,0.03865287470107604,0.45266427257613606,MDFNet,04-D05
6.304048436577757,1.4263354807634272,19.31237958808843,18.63459697202107,12.10244673272466,0.29481392936265277,0.6340541271391523,0.34785518717509706,0.028825933658618613,0.07941350342415089,1.0916096843525347,0.48688280474325224,26.678867757527094,0.11029992209962813,1.316035558663799,0.10350800654983529,0.48611985217547027,MDFNet,04-D06
5.919448170714455,1.100759359113832,14.963349400932726,18.24105705877467,11.968797699156298,0.302540395312174,0.6610630535173219,0.2578005759320752,0.026362963399099593,0.04825034552289998,0.9055233821421382,0.4609068376603239,26.14561428939215,0.10503426388805615,0.9957250952257759,0.10979061899425979,0.4952901716300882,MDFNet,04-D08
6.097418564881084,1.1394560418851345,16.715548876039897,18.564564226705354,12.088456171751933,0.30778489211037996,0.6493448593991415,0.29388588785844716,0.026325023446309784,0.056419040446706314,0.9483105994372185,0.5463693941525595,26.22197078370182,0.2049725953975745,0.93448344648756,0.11894119126155131,0.49662859295920864,MDFNet,04-D09
6.0852083066737865,0.9548873550031693,16.633663314763833,18.574198157831496,12.088208263093978,0.36914637166790537,0.6654718625550631,0.2489868870165239,0.025331592313490137,0.09531548605909036,1.1327379259717816,0.49834833899044756,27.43271861018979,0.1257482810030286,0.8291390740001408,0.2469207899460393,0.4913719533897714,MDFNet,04-D11
6.21503108451196,1.3065545261787932,18.167914657466593,18.680335846607935,12.089976554717364,0.291522684349149,0.6465270780899716,0.3573542077223309,0.02744874112459502,0.06490308357383602,1.0013406374123826,0.5713837397421,25.808031903541156,0.21495103856977416,1.091603487609019,0.10058903754044998,0.4824563311578481,MDFNet,04-E08
6.183541669021704,1.2840866615458157,17.9442006968279,18.64114978059244,11.84625855215139,0.31166530289704863,0.5936957702533471,0.23077148421900373,0.025628153043786232,0.05518884682234681,1.023726729270253,0.4384535468752411,24.405605337807515,0.09476503595340091,1.1893216255924148,0.121133764304408,0.5021968414896892,MDFNet,04-E12
6.23358653517071,1.579415429897228,18.610154661617578,18.304591352079097,11.893280982513437,0.25559797148868874,0.6491198701795012,0.3483667431762518,0.027220881352031014,0.1085496910366898,0.9915010325216795,0.518428523037507,27.329072238332376,0.11135024081743161,1.4680651890797964,0.06236443220182567,0.44883151077555183,MDFNet,04-F04
6.181616603196347,1.3959977080705137,17.709604509303986,18.093629665032562,11.741254696788216,0.2791549052421668,0.6349193008653802,0.3190540639704123,0.025951269441032553,0.06065957691324072,1.0763027552177524,0.4402886579494493,27.15780049977854,0.07360588756531072,1.322391820505203,0.06081012267941975,0.4974996878049138,MDFNet,04-F07
5.669239427423839,1.2006434512833,12.8098966713853,18.476882233354186,12.02351148982339,0.24702384823632184,0.7029084345246625,0.35752724311383227,0.027814716273373463,0.09635706691431055,0.7822158232298554,0.4685931319187885,27.557017749516966,0.16480505106733112,1.0358384002159688,0.04659264376790568,0.447455052704738,MDFNet,04-F10
6.046825059008459,1.4171666951116304,16.13331563026443,18.72102876824771,12.149924344664596,0.25994490873644704,0.6584796721662836,0.3719373582176848,0.028967297269801653,0.08598144548276694,0.9029820704209989,0.5344126444887182,27.563765823315073,0.14462283541803878,1.2725438596935916,0.057542682317334344,0.4623471351555597,MDFNet,04-F11
5.814584015770387,1.022267372169381,14.158367802359738,18.98798478063862,11.858789050342708,0.26792170829755835,0.6192610820755817,0.17694378746323308,0.020364787781531397,0.045089160626042075,0.6923251498459615,0.4862973197309086,23.62524795982862,0.18684716045178895,0.835420211717592,0.079884690013695,0.45595872658142167,MDFNet,04-F12
6.020382764750585,1.0933251968007784,15.919522460406492,18.59415841759183,11.820448442831088,0.27938927887126624,0.6052414975300919,0.18559161536376043,0.023497882721179496,0.061635044101559164,0.8341607080545332,0.483073276503688,24.291808450358694,0.141518869567534,0.9518063272332444,0.09346575031190996,0.46531280743062253,MDFNet,04-G02
6.176858717215524,1.3554329531791343,17.830180175099237,18.0140666129129,11.629449635583859,0.28526263337889823,0.6968877182944324,0.35451033158267503,0.025472782082299777,0.13528778613533948,1.0539844838999652,0.5621535125940788,27.512180932763076,0.15494683425173683,1.2004861189273974,0.12148338620219626,0.4490418805556002,MDFNet,04-G04
5.7838794904256865,0.8973148082031734,13.55206802580304,19.112566280302193,12.049377574763176,0.26589371053668903,0.6546146341976646,0.21668687100034517,0.02133745486933547,0.05809347200521369,0.6935143213121788,0.4457389992143598,24.372101530657766,0.10955169446689261,0.7877631137362808,0.07003420531783977,0.4617532157555383,MDFNet,04-G05
6.2921794504656425,1.3995154532285028,19.464699843830395,19.35556439441396,12.456419637409896,0.29342710384320014,0.5870412240430953,0.3623268541649639,0.031633022751443994,0.03184218777044935,0.9672439168232406,0.4981601464118216,25.42305941742571,0.14663053215376465,1.2528849210747381,0.0640274887669176,0.5228267189194827,MDFNet,04-G07
6.162326862166606,1.1954168747369422,17.442728960610964,18.52344796048268,11.819075058715338,0.28638703137120614,0.5600354402945864,0.24026521548203547,0.02799658363887226,0.0502839046692291,0.939460180370058,0.48648432301089817,24.93855981334805,0.1130856271195615,1.0823312476173808,0.09250454128048738,0.48026952146192486,MDFNet,04-G11
5.994240348372724,1.251775991954112,15.979944043900943,18.982309537151266,11.815000912385807,0.4014386963556601,0.6547320452750874,0.24405216512076908,0.025772163618101338,0.0705461167465706,0.9238063898987297,0.4328212975452105,26.432983147705023,0.0756140907695304,1.1761619011845816,0.29295239947962387,0.5099249932316964,MDFNet,04-H04
5.915614222726607,1.072022664862951,14.924460812091729,17.33841390791236,11.455568818867027,0.29547322504514395,0.6554606149053976,0.28525138727407934,0.024981473185655016,0.056904287933012124,0.8582500308825677,0.5162599592175099,26.02233105473371,0.16532158852578505,0.9067010763371659,0.09218332441222396,0.49876312567806397,MDFNet,04-H07
6.200796537858191,1.2414371979307521,18.07546979350307,17.970401109208765,11.781970612933652,0.29958904780561274,0.6192971428024947,0.2933203383977566,0.02756970105859286,0.04964343274053359,0.9294409644713892,0.5393140840893975,26.42725240498983,0.13422293099422333,1.1072142669365288,0.09996109299373136,0.4992170026174941,MDFNet,04-H09
5.738374721818695,0.8548236880698887,13.299884477881278,18.69109356205806,11.681618991924353,0.27238758378454103,0.6443054272095334,0.1333128173991412,0.021225052657557943,0.06177623517302786,0.8053326544670063,0.4164003160594975,24.20595221745527,0.11197367977031902,0.7428500082995697,0.10112768088373558,0.4436474866853465,MDFNet,04-H11
6.331126945559536,1.3667472427281275,19.677331410701374,18.269415331301104,11.871639100072224,0.3287254535642494,0.6015481773081816,0.218989282355542,0.024247959107806225,0.040103544934372994,1.2313235702527545,0.4150336623912636,25.612226355893775,0.13443490320962326,1.2323123395185043,0.14269195366314316,0.5147589534653557,MDFNet,05-A02
6.177695857321609,1.4316589578136192,17.665822713340702,18.29166786750074,11.85946831130986,0.27142665656412307,0.6437442381361567,0.3017163655417595,0.02475221369784119,0.11093901524948335,1.0682044551585228,0.49949614910658924,27.45927536119343,0.13045177354352866,1.3012071842700905,0.08851995055263293,0.4543333625756132,MDFNet,05-A03
6.096170460979788,1.3511825757359848,17.20860659346976,18.06539434936691,11.741039578922637,0.2860031548164057,0.6639074320593528,0.29195891256848466,0.02482442220786711,0.08065981991918961,1.0007642883012369,0.4679195571526133,25.775386405671284,0.1123096708127882,1.2388729049231966,0.0867914078400916,0.48521490179271975,MDFNet,05-A06
6.082585979552718,1.4688507084856486,17.963165425939717,20.247594422219723,12.47637324838236,0.2717750348322527,0.5857074735483027,0.2664276367518401,0.02836674148027286,0.05392319428394672,1.217804759928964,0.3795502423892128,23.551167384689336,0.20771394742734905,1.2611367610582995,0.06406560496708892,0.47948446469741646,MDFNet,05-A08
6.377272559244113,1.3552026974493856,20.50853457777497,19.552935472032,12.382577613073929,0.31303409684580125,0.5853790018499082,0.263172557989257,0.027548685962264473,0.03777753861838668,0.9851661051457794,0.5003163390439644,23.91425685216138,0.13958233579939439,1.2156203616499912,0.10307038423644091,0.5229978094551616,MDFNet,05-A09
6.2098358754107235,1.3120409399364767,18.045650706603094,17.977506780503074,11.771760697429016,0.3512071696082828,0.6487595573165813,0.27763827815741693,0.027100394874751563,0.04812142103655121,0.944415064544803,0.506909943101193,26.191264115535837,0.21542046708212226,1.0966204728543545,0.18713291884613642,0.5152814203704291,MDFNet,05-A10
6.064588119807363,1.3676764377819968,16.824053802195927,19.148929925707527,12.349562220447682,0.26825556510021803,0.6844407380732243,0.3707856778918487,0.03019199060824774,0.06710652349013323,0.8321528785451815,0.5358888417001253,28.150040700674044,0.1454791586342381,1.2221972791477587,0.0697993409301577,0.4667117892702784,MDFNet,05-B01
6.221539909979612,1.4301043158148268,18.305960124715803,19.008011895511213,12.230990312028062,0.28257804604935627,0.604347634909586,0.2871388867889758,0.027103673147822364,0.06423705957600828,1.028950675267298,0.460669323317859,24.994230860518325,0.11588069395581613,1.3142236218590106,0.07398735119144743,0.4911687409072651,MDFNet,05-B02
5.987748081858373,0.7697308829186102,15.551748711349669,19.13651144115751,12.403619356343537,0.3648433459209316,0.6733594152992247,0.16149697098780916,0.020601696145831648,0.04718564805922184,1.2479421186241657,0.4508383749699564,26.860228345580524,0.11827298678681863,0.6514578961317916,0.27163742108156325,0.4580492707603,MDFNet,05-B03
6.456743050467102,1.4877924415610675,21.81717031252401,20.105235593127677,12.727476413487661,0.33293632396087275,0.5808331334650958,0.2974780875880979,0.03108970691044807,0.03301591270732954,1.0484040692832592,0.4701296388669175,24.652957480135015,0.13358039438348435,1.3542120471775831,0.11623893937909431,0.5496337085426511,MDFNet,05-B04
6.40750559692146,1.6512954239773752,20.939927517963216,19.68722675565972,12.519526654637486,0.2623479015497486,0.5783351740859591,0.4244385398940042,0.03302942527372078,0.044304491381327554,1.0371892694348062,0.4556925940402879,28.064751502397517,0.06824854729596908,1.583046876681406,0.027833792527621533,0.4968620105718756,MDFNet,05-B06
6.131114052985516,1.26578496283509,17.41166330010887,18.47785893528672,11.952864677400825,0.31290862844253137,0.6526510332885,0.25425579426788825,0.02561975340026427,0.054781184968032845,0.863019883655922,0.5346936445547041,24.86832632045037,0.1899165974860555,1.0758683653490344,0.13038250646724794,0.4954347504178148,MDFNet,05-B10
6.179740247208883,1.0690535234243796,17.78534211185499,18.969284743317736,12.364463043433028,0.34593622766170085,0.7157593735587551,0.16592095238456622,0.02198756303973615,0.07225057097607471,1.3309999789127849,0.39812176041293024,25.99662205465207,0.09048313318055534,0.9785703902438243,0.2603940923620894,0.4314783629613123,MDFNet,05-C04
5.966012785490128,1.2795935432060794,15.316168380069039,18.54329301359365,12.006559736850663,0.27885896068802446,0.7023813286539282,0.26986419656405364,0.025868939503893774,0.1504311049626077,0.9951442342782464,0.4497937541999188,27.7791537207521,0.09496997398050944,1.18462356922557,0.12237080186090911,0.43534711951513977,MDFNet,05-C06
6.011878410683882,1.01315124903366,15.73981497308222,18.260739175781456,11.93619058759738,0.32370398984150395,0.6484617529302201,0.25454230389502863,0.026414370172479436,0.0688173156363663,1.0883095297484033,0.4541045389661732,27.20554136592952,0.08886068517216827,0.9242905638614918,0.1548852674706807,0.49252271221232724,MDFNet,05-C08
6.0879638598288235,1.586072614608673,16.622833208154056,17.96837397821858,11.691751566715974,0.24984138385933613,0.6499783657622823,0.3621087534452732,0.029039604650483015,0.10227393335675754,0.9153826242090526,0.4884327521049731,27.42536973930577,0.08790455003107489,1.498168064577598,0.03511491213657039,0.4645678555821019,MDFNet,05-C11
6.024328048849977,1.1884849953305636,15.828609293261245,18.531376034174627,11.973113506179896,0.28288182918791405,0.6690362424276576,0.3500719910338355,0.027423185798093552,0.09094844238756719,1.0783295666180708,0.48035949114292903,27.81160773492646,0.09983545274751116,1.0886495425830525,0.08988907512420684,0.4758745832516213,MDFNet,05-D04
5.755653187639893,1.247214686001973,13.2606708359677,18.187473826358268,11.796683475420448,0.2777300939469852,0.756243928199108,0.24325226887380957,0.023632710796652433,0.24444266318595184,0.8294675243663673,0.48169939692948294,28.26363895477804,0.10659550333136103,1.140619182670612,0.14738654395581324,0.40807364393815715,MDFNet,05-D09
6.24020174056677,1.3834384836472324,18.596209701925137,20.194265472654944,12.896194510327584,0.2739432997623336,0.6059111998073533,0.4441166881351758,0.03371721779460116,0.036785844127161786,0.9762581537088927,0.4554884770774105,27.855481976964526,0.0741281659320503,1.3093103177151821,0.039272719594146493,0.5086138799305208,MDFNet,05-E01
6.093896769015257,1.468730676257966,17.730691248963222,20.28969128744029,12.938757659291165,0.24915548107677185,0.6399402491407262,0.4039874639624222,0.026122809233849027,0.046180336433673586,0.8526518564110861,0.49308663080819953,26.154321464379507,0.15340777488586355,1.3153229013721024,0.022377683928151995,0.4759332782253917,MDFNet,05-E02
6.4933012896503275,1.4799957392874106,22.039311536690043,18.610056260334105,12.078709287629493,0.3417514679004241,0.5679445911763282,0.27811565937326327,0.03096634868142277,0.032097585968252254,0.96828184018801,0.541424098888358,25.375022170726794,0.16248505198992902,1.3175106872974816,0.14263618290832283,0.5408667528925254,MDFNet,05-E04
6.096333062904422,1.1418882087884281,16.717831646725692,18.42910011109203,12.00877552152816,0.30549434860001556,0.6303996616653762,0.33544318099176645,0.02823067264678747,0.040773794083121845,1.012252653173503,0.48850123527766204,27.058957467750304,0.08933782827539183,1.0525503805130363,0.08640314792702554,0.5245855492730056,MDFNet,05-E06
6.389462145482052,1.4598428731325992,20.640920189349337,18.506676251165477,11.98147576608689,0.32956309627967767,0.6428558382792793,0.4055186235416329,0.028985601310947715,0.08756983999975118,1.3248706642685701,0.43069271760918426,26.831716534505414,0.1862827276240342,1.273560145508565,0.14579294477503033,0.513333247784325,MDFNet,05-F05
6.180688880186046,1.2714733082283622,17.87504133068177,18.667575667361113,11.995619593305202,0.30515664521428504,0.5772095044327126,0.2239408195389044,0.023455010333855157,0.04987828860596342,1.1217286222835763,0.43966026711440875,24.90713429648261,0.14098070989367173,1.1304925983346905,0.1203042306588573,0.4900090597697128,MDFNet,05-G06
5.9936349185758,1.231462358515902,15.538815671643945,18.263409481208164,11.876674970706922,0.3107165097673067,0.7093062489652011,0.28826160203168627,0.023710968094178848,0.09672728894814334,0.8289264284381949,0.5799019531566428,27.638279771968897,0.2583195616051448,0.9731427969107571,0.14877297012815258,0.4726600494064608,MDFNet,05-H02
5.908313654437338,1.0466386120688878,14.699223851304373,17.947990680469562,11.827597834699192,0.29691098997434767,0.6499688324303662,0.21290400535195236,0.021916576056516163,0.0817873752713672,1.1017076560366865,0.44106371559551416,26.72258148906087,0.10892829846042673,0.937710313608461,0.130222564535096,0.46359941541359934,MDFNet,05-H03
6.151865219118816,1.240693945648264,17.43340410841493,18.585773837950324,12.071029684339207,0.31142285857075624,0.6446297476021362,0.3141526957269984,0.028848434462903194,0.0653313976545383,1.0612143283575763,0.49395934435267913,27.20418225204528,0.12643589691643875,1.1142580487318252,0.11084040573279347,0.512005311408719,MDFNet,05-H05
5.807411052963378,1.2874652500341908,13.96400407308025,19.636048329626085,12.541906878493911,0.24592456534821644,0.678029634745321,0.37170027924984533,0.02597512920753378,0.0644273701200873,0.9135175242139157,0.46358966486907816,26.93945152587846,0.20031747107793496,1.0871477789562558,0.04366135845656006,0.44818777223987283,MDFNet,06-D06
5.842052308434031,1.0500751216242392,13.99388188822328,17.576362441018897,11.552784759788839,0.2597765661732614,0.6690878905922013,0.13674142056595237,0.01735412210938325,0.07852605702488732,0.8493582393617527,0.48802372916753073,25.908488699608494,0.13795197834275186,0.9121231432814874,0.0792352499720342,0.4403178823744886,MDFNet,08-F07
6.2375495031094665,1.3849146216670771,29.980310849333375,11.951500180800691,5.322827614374293,0.34406198249187847,0.47704550426129083,0.20473879368908462,0.019149065005089456,0.32596554179830856,0.9435625981725286,0.40597423931927085,6.136438008858299,0.1673822079894638,1.2175324136776133,0.03921625470951401,0.648907710274243,MDFNet-a2,02-A02
6.142711611488427,0.892525786270534,28.503357419393357,23.700929967873286,10.582236616507714,0.23180868983278763,0.5040502844705158,0.12348759321791658,0.011715635940872427,0.5437733209974908,0.6645928479183763,0.3220182433002555,4.623318238753358,0.1339103819486649,0.7586154043218691,0.030659572086358566,0.4329578075792167,MDFNet-a2,02-A03
5.670611766710569,2.0920865958347683,14.328614027066106,12.159125559915788,4.609773103447788,0.47005261350588284,0.6515716068398336,0.44526112840058063,0.04883046853012348,0.1279215784087324,0.8757709666389211,0.46918233412887295,8.502765352302555,0.08683185470303023,2.005254741131738,0.07261246391741472,0.867492763094351,MDFNet-a2,02-A05
6.220893396935864,1.701673015047529,21.303973942493002,9.296552461719621,4.27516183246338,0.38604074864878035,0.5396357350755269,0.22970363270467864,0.019287220858349878,0.22632887763994158,0.871359357518005,0.38176744599726986,8.96089904134987,0.16372036602255946,1.5379526490249695,0.048263691209893655,0.723817806087667,MDFNet-a2,02-A07
5.568346995881456,1.207459609693661,19.76990707360876,16.123965460723813,6.112737779652196,0.28720044957727137,0.5130730035499513,0.19004391837527596,0.01675114688981066,0.15665733918642072,0.6534592745838089,0.3253639444259584,3.7421193375097346,0.041199764864702004,1.166259844828959,0.008069181454354866,0.5663317177001879,MDFNet-a2,02-A11
6.557393295956408,1.5441425360064844,42.80741578861963,21.385562339471804,9.51125760157102,0.3370382903300865,0.4617286980708257,0.30706016227502897,0.024736070112481374,0.25518313928468517,0.9827024254525493,0.45796757606839034,5.487947142930051,0.14094194609718436,1.4032005899093,0.02733211366947584,0.6467444669906971,MDFNet-a2,02-B02
5.222377025866199,1.456427762872245,11.947326491381993,8.923845861494053,4.322684133893223,0.4135738130290279,0.5997868466428803,0.14856798187271886,0.02397039869963775,0.11086992074122987,0.6585780586574725,0.4504900064496909,18.784744860817508,0.30853866061083046,1.1478891022614146,0.13397855694508767,0.6931690691129682,MDFNet-a2,02-B03
6.401889428436981,2.0175035089491704,22.098496006739676,11.065391896788963,5.630785109174597,0.45078190169509036,0.5990531358880851,0.3578451812715624,0.04653049218826633,0.03906004695170936,0.9478026564978619,0.5325030382638009,12.647726469280125,0.13771548805916822,1.8797880208900022,0.07345597085496698,0.8281078325352137,MDFNet-a2,02-B05
6.2337402448061905,2.6599086460690877,20.24770644033243,10.561023132943706,4.01866708172172,0.46040721487823943,0.6328731120722452,0.3983298815875357,0.04097070390354561,0.12219766097532933,0.933002329050002,0.5351918516177516,8.752525211065867,0.12427766298624654,2.535630983082841,0.06849713054904649,0.8523172992074324,MDFNet-a2,02-B06
6.9860531448382375,2.322327668604933,34.80250236292471,20.066204992993516,7.538636005940435,0.3589563893421158,0.5719382063200404,0.24030405480309713,0.027943793675878487,0.45608546434911446,1.3347131901617741,0.6062841392755648,6.667001603858932,0.3459237987054724,1.9764038698994604,0.04507643096315319,0.6728363477210785,MDFNet-a2,02-B07
6.230813094538163,3.0618642413528843,19.67794792705776,9.008028123703488,3.61189038734093,0.5212411186455292,0.4731869054032542,0.38994984129845245,0.05467952469484211,0.08626299192556577,1.0261688268211318,0.36352412772707754,9.391754344572332,0.23176439470850063,2.8300998466443836,0.17126441587224542,0.871217821418813,MDFNet-a2,02-B08
6.465748464302633,2.63080013909844,23.137218388390757,15.340048564606223,5.734563778985208,0.4428351277752927,0.6557433686334518,0.4862931487311188,0.04100331835625482,0.18318393935160515,0.8478052144021783,0.535690978840849,8.008546578163864,0.259669021230053,2.371131117868387,0.07688554975001019,0.8087847058005753,MDFNet-a2,02-B09
5.707455117263276,1.5737311682295623,30.882869005428045,15.40500627798639,6.076287670784498,0.30656698629740364,0.4854435309371274,0.17270717709789984,0.018620764705908475,0.14955188227332322,0.581115743637866,0.3351461295873476,4.375804920368507,0.12485528122193834,1.448875887007624,0.010649606684188162,0.6024843659106192,MDFNet-a2,02-B10
5.565481419115183,1.937258939637477,22.330080261981625,12.415504130454247,4.3616082618013285,0.35987744459379356,0.5610258064950415,0.14005546489510864,0.020303823702655183,0.2778797170008943,0.21937987086743926,0.41747627672450377,4.478850518554496,0.2777777962944441,1.659481143343033,0.03513824051046579,0.6846166486771214,MDFNet-a2,02-B11
5.859495794079098,2.5165926866764874,16.211525577102265,8.011761634734766,3.97166880613042,0.4800628075565995,0.6308714080557828,0.39523734627983953,0.05634299026046752,0.06652413149192547,0.8021752780827469,0.5181994927475084,9.410971854426208,0.12267270721675061,2.393919979459737,0.06792301787662036,0.8922025972365787,MDFNet-a2,02-B12
5.144067862751519,2.0248788967759026,11.548618792898184,11.04274499888084,2.1570074075234293,0.464948010004257,0.7441298764535293,0.1727850870995134,0.031223862840318813,0.20277398059047413,0.6811131172164995,0.5231895529138588,6.901557157353211,0.4294182815881893,1.5954606151877133,0.1273904699929827,0.8025055500155314,MDFNet-a2,02-C01
5.912901905898185,1.2325490417035088,31.52589489443938,14.99463883453249,6.473739463954649,0.3364587776005927,0.4418231492278051,0.22276420341475014,0.020067152718691514,0.27870968439172994,0.8334073014774399,0.3515676486501907,5.169803556932947,0.1548304720568403,1.0777185696466685,0.025416096510205936,0.6475014586909794,MDFNet-a2,02-C02
6.81610703543123,1.7291008985534173,29.563829630250538,17.373178975042425,7.367105734800849,0.36633964900679195,0.5502290991009404,0.2705934280913885,0.030611842262714954,0.4826649127693948,1.153614544823204,0.5178508286037946,7.351460448694279,0.12355760449995046,1.6055432940534669,0.07037879207385964,0.6623005059397242,MDFNet-a2,02-C03
6.764609608690892,1.0341543495063537,29.190925089258155,12.661192666935692,7.0462453312702,0.2524693183627578,0.37808246970202963,0.17514638666291854,0.008457344252818726,0.3087405521680833,0.8313058614902188,0.30200678372473405,13.93653592513271,0.050465948178635145,0.9836884013277185,0.03498220454900738,0.46995643217650823,MDFNet-a2,02-C05
5.330373032993865,2.180312904203136,11.808170844421538,6.496862577748288,2.563258407799684,0.490305317164168,0.7055121517405207,0.25464826854222705,0.045483361717390196,0.10097467336058825,0.5142792190332763,0.5403118002404459,9.744105435774259,0.21216328036550713,1.968149623837629,0.07945878362661177,0.9011518507017242,MDFNet-a2,02-C06
6.930896141272814,1.6434868197769283,31.022482128738467,18.295454179861267,8.661489681593222,0.37865299075580844,0.5582232784007375,0.37106057805314335,0.031395173047165284,0.3275927164693997,1.2863163267828195,0.5860195246051205,7.287987658127461,0.19735452321103608,1.4461322965658923,0.040642202504336304,0.7166637790072806,MDFNet-a2,02-C07
6.538009766907588,3.5250854924640063,25.16999086789854,9.193409086772236,4.443286268832122,0.5601362233919299,0.7057664580136126,0.46787798633185357,0.05050134774235689,0.0914830781849995,0.8724370711552877,0.5392152420294258,10.194757540298326,0.08589876106648653,3.4391867313975197,0.23001495760907914,0.8902574891747806,MDFNet-a2,02-C08
7.087629101586526,2.591698836700349,35.990401798556924,14.68882700332827,5.05353246801173,0.40043180191030403,0.5930606381101048,0.22974086639736976,0.0307411672908728,0.42310729715166834,1.3333876568319272,0.5392266229967664,7.301863165772783,0.2540826589030196,2.3376161777973294,0.08243752491353497,0.7184260789070731,MDFNet-a2,02-C09
6.22968146917753,2.2087879392952203,20.99169430953381,10.006192236449497,4.786783640994479,0.43440502579370593,0.5948871976136904,0.4707110467562874,0.039085453937671974,0.07340759440669739,1.0734676992470122,0.582935844925935,9.052959185521786,0.17255578768460644,2.036232151610614,0.03800499838396371,0.8308050532034481,MDFNet-a2,02-C10
6.855494109625624,1.433292751347441,32.9336017955607,19.69165306848598,9.671819714086025,0.31204759301698176,0.4719404182619987,0.2109572497187487,0.02205618370116629,0.4570202461587343,0.9214787230016676,0.43815639715445126,6.206414215194678,0.06478201743972889,1.368510733907712,0.02725785340166251,0.596837332632301,MDFNet-a2,02-C12
6.040084305644655,1.6323138697648858,29.165905395488906,16.759453857953968,6.383565080150273,0.31475688355099485,0.48584991437676306,0.18171250634203315,0.019421796152904364,0.29605625394454504,0.6413525698036946,0.3947928638417434,4.502940857934351,0.07790253018108118,1.5544113395838046,0.02299372882532086,0.6065200382766688,MDFNet-a2,02-D01
6.597863069916837,1.7550611388736375,36.92360540498845,19.157341470547124,7.381237043955658,0.3106057689615515,0.5515387287677334,0.1539503116427684,0.017901673945703193,0.417737650451182,1.2416838930093959,0.49694140654530194,5.724759098283326,0.16420178997711155,1.590859348896526,0.03214139611685792,0.5890701418062451,MDFNet-a2,02-D02
6.767500086946125,1.8198160812519255,43.33410241874209,20.17958452258119,8.746625413543534,0.29277718409446307,0.44446950868438173,0.24323401704612016,0.025135660147548932,0.3037467066424154,0.9937159265607192,0.4516066909588358,4.971293275771202,0.08204659078360699,1.7377694904683185,0.014974291530213124,0.570580076658713,MDFNet-a2,02-D04
6.424637342770861,1.92370030160681,43.32000934124497,18.84274032938594,7.5783282987321545,0.31081817583975974,0.48333106057316055,0.22645583913197653,0.02230905797111881,0.19919816491213688,1.1055195974917191,0.4499806843047939,4.962701317035626,0.09581003023281998,1.82789027137399,0.009623443298213599,0.6120129083813058,MDFNet-a2,02-D05
6.59956481804983,1.7731613987605428,34.09259058797628,19.40353351355379,6.878293950355552,0.3025107155969823,0.5083092862621053,0.15602692497973925,0.024172687153202484,0.46428107112467715,1.2123589429879815,0.49981826544828145,4.633561307363091,0.3234887648624092,1.4496726338981336,0.04669301409732628,0.5583284170966383,MDFNet-a2,02-D06
6.298266836126277,2.7232066239822252,20.70217005592293,10.152986833269454,5.004807387208336,0.48037565876977867,0.6020428912753977,0.41942966936819137,0.05232248307277316,0.0713988618375951,1.0611868274166785,0.435859052523795,9.734536553755893,0.10930440208768388,2.6139022218945414,0.07915170134285879,0.8815996161966986,MDFNet-a2,02-D07
6.1777637419432505,3.0408434654441674,19.291925306046682,7.555288391169452,3.403962804142429,0.4900374183499153,0.679358488782071,0.3266354723423607,0.04857316142274663,0.11481197479646116,0.8047708191547791,0.5532977422960861,8.759915181518549,0.2514691881954878,2.7893742772486796,0.09873893108023621,0.8813359056195944,MDFNet-a2,02-D08
5.214861208651764,1.381424910702985,21.390626516670157,15.858881038344627,4.891010218786065,0.34722925543387384,0.5755459902831264,0.19143570140489205,0.017867559643986272,0.3426563671396193,0.6405657900167377,0.3290898815897389,4.0117847367451445,0.14948090637342926,1.2319440043295558,0.03812979798401111,0.6563287128837366,MDFNet-a2,02-D09
6.916001307107738,1.224530112169706,36.423921385818204,23.73293678887944,10.547613515978577,0.269941601038149,0.4481396492178022,0.15140277578444764,0.01989166994646563,0.5502262348543484,0.819696332105108,0.39769844696104917,5.992538835184074,0.06612469721080494,1.1584054149589011,0.0322030058952898,0.5076801961810082,MDFNet-a2,02-D11
5.083629456770286,1.4244592909442808,11.158697375213046,11.712731617205497,3.9702855692539516,0.46206287727132483,0.6891121355406009,0.20906731968220466,0.02922861855896189,0.0809438248047374,0.6150966671612375,0.40244190136584224,8.122118766523085,0.15528633434515982,1.269172956599121,0.1063414103694297,0.81778434417322,MDFNet-a2,02-D12
5.9587189012315855,1.7129965008185408,33.14435993137126,13.432188250777507,5.199225983683159,0.335531818786678,0.4832966867982147,0.14737830354025738,0.019280714111801545,0.2755813811544798,0.6730394095171442,0.4210177512512039,5.133809141583998,0.10807034802605209,1.6049261527924887,0.030803521398171548,0.6402601161751844,MDFNet-a2,02-E01
6.488587915582519,1.313184658194542,28.940332087630722,15.554499911272918,6.296637106222194,0.348525478490935,0.5059213604806214,0.28232104266195857,0.020686338688526273,0.3919878959777322,1.1210206194740864,0.4375234695323454,6.335374762568387,0.18256824510143765,1.1306164130931045,0.03522578169359832,0.6618251752882717,MDFNet-a2,02-E04
6.120897382159124,2.4285606129621797,18.757417447573815,9.622611051267207,4.797311930832555,0.4809227577350482,0.6197267599075735,0.36683787528201933,0.04991463338297932,0.05982761526348997,0.8611647099157997,0.5182745482361386,11.184007573992565,0.1300440407227228,2.298516572239457,0.080206552040946,0.8816389634291505,MDFNet-a2,02-E05
6.764760451192024,2.2964271381296655,30.0751046018294,16.13957705305831,6.130060806912244,0.3915508272810075,0.6225704723238166,0.17423700644658605,0.026053746246684963,0.5010256102123571,1.0915627994076045,0.4687062737198775,7.698358425221778,0.2274081964348973,2.069018941694768,0.1097069321316709,0.673394722430344,MDFNet-a2,02-E07
4.426149480066368,1.245835664392989,9.64790772223959,12.78865024689148,3.3320380167532897,0.6760236916629788,0.8324544127760364,0.3814554481703331,0.02287243864820505,0.08544243405332891,0.4588861128088636,0.263425430311354,11.282512780341495,0.030842650936370397,1.2149930134566187,0.4943933908906653,0.8576539924352923,MDFNet-a2,02-E08
5.738111667169566,2.7452869942911775,15.44938228354094,8.363052338362486,3.621660645669693,0.5005599087307145,0.6641315226710646,0.46192272988626354,0.05183908402722091,0.10832663414796347,0.8802367166196613,0.433118270554552,9.06394648160805,0.18608492052492664,2.559202073766251,0.10667973450070783,0.8944400829607212,MDFNet-a2,02-E09
5.995006555245195,2.7749158166379573,17.27170409612111,7.946917040365901,3.6502118258874168,0.49038354018869795,0.6420252675923148,0.22366838345340337,0.0486231457479325,0.033525804095839995,0.6490291941588022,0.5282145210911946,9.583447279933656,0.11565797207826556,2.6592578445596917,0.10301736397066504,0.8777497164067308,MDFNet-a2,02-E10
6.15282871167336,2.4758749664400046,20.500957161042418,13.742991037968089,4.526100192190924,0.47401671552276775,0.7404253514014327,0.27697615506658596,0.02407855017610992,0.3546095137630301,0.7670651646730423,0.495258631206145,8.415005056315163,0.23674561418677165,2.239129352253233,0.17614755629919907,0.7718858747463364,MDFNet-a2,02-E11
6.316063991063668,1.4921743445499498,21.18698023501822,14.623114483845185,5.557361280475242,0.3995309818096996,0.6522765497522318,0.26109540463093567,0.025098264379256083,0.3564779259788756,1.2073024145505178,0.610168093985502,6.778700499031586,0.3913000937498037,1.1008742508001461,0.058789913996557044,0.7402720496228421,MDFNet-a2,02-E12
5.272222597587921,0.9234669254078689,13.173275997989437,13.33175447985853,4.017054232177774,0.4029965181357035,0.6508277018035284,0.17695092656709538,0.01635524333422209,0.29284924680949986,0.930790417796707,0.37167314990736977,7.396318210283086,0.17525548585703632,0.7482114395508326,0.090028866210027,0.7159641700613799,MDFNet-a2,02-F02
6.437511794091465,1.4627280569134484,29.417727964622117,20.385142122955934,7.9791502591268655,0.2745743877299279,0.5150323191810029,0.11794461619345369,0.01773772192088618,0.489833565377082,0.9402604879816134,0.4244918231988849,5.0071351559694275,0.293501683209076,1.1692263737043724,0.022892079452850995,0.5262566960070049,MDFNet-a2,02-F04
5.474488311073025,0.7070571650500899,19.907593945793494,21.275909366206385,8.544883153573982,0.22777627795018116,0.5592010723107687,0.17622804277710546,0.010130636368868823,0.36622013219565863,0.5546952177705322,0.2507452234054992,3.689823063484021,0.08692105506267822,0.6201361099874116,0.008402965349755593,0.4471495905506067,MDFNet-a2,03-A03
4.775904109706091,1.400037377952227,9.231502878104964,10.515349301274421,3.368895618586345,0.48994289176957606,0.7167337728942722,0.3413182150160416,0.034736860431424,0.1624650974179128,0.5941167235570487,0.44287385154019865,8.239291084490292,0.17018770123968707,1.22984967671254,0.1158522438292825,0.8640335397098696,MDFNet-a2,03-A04
5.447183043155707,2.1960693586754685,12.44552729473693,11.348650326436452,2.9296265699535065,0.5620171904256133,0.7720899878668273,0.4297545266071742,0.039070389832347695,0.2627004204530834,0.6886739213923521,0.41038457674557477,8.412100188007056,0.038308054678183545,2.157761303997285,0.3029012085249117,0.8211331723263148,MDFNet-a2,03-A05
5.578777330597213,2.6325042924543585,13.921952920494704,7.306095235396889,3.2637395846346005,0.6177544533012519,0.7499494410670017,0.3691516658162102,0.041437536919158455,0.11485750631969292,0.6468413180670727,0.49609197700706753,11.011160746856802,0.18049574198112595,2.4520085504732325,0.35724933600461745,0.8782595705978864,MDFNet-a2,03-A10
5.698676113699014,2.4429268611336497,13.652345639304082,7.3311453873514205,3.0108766981084125,0.48615514911247226,0.6861395010458731,0.3907554383991283,0.04781475893799781,0.11740049732140595,0.8462242541184168,0.5072388180312598,9.236804129996452,0.10540480851641654,2.337522052617233,0.07642153917274258,0.8958887590522019,MDFNet-a2,03-A11
5.22538077277505,0.4404709116593555,15.966562462625383,9.840905391874191,4.092292457328722,0.3192660358140919,0.4740861312269512,0.09749956669751605,0.005235554534868723,0.30645968741366225,0.18494360600205134,0.1160799258934977,6.185123465900051,0.156317446179834,0.28415346547952147,0.03555945294120132,0.6029726186869825,MDFNet-a2,03-A12
5.982225302517211,0.6714443477860002,26.597000886130633,24.01776612924873,11.544999068606861,0.14127328930567556,0.4639406648388865,0.07207113749791204,0.006321943082239122,0.5727084119515802,0.33620292882215985,0.18321614789859447,4.979375796637703,0.26532138545611694,0.4061229623298832,0.031078680113168007,0.25146789849818313,MDFNet-a2,03-B01
6.1601184801439866,1.5508364238839407,29.848097828631033,20.74520172280374,8.202805464749275,0.29825999900369393,0.48828250471208023,0.2685791205871771,0.020162264179729578,0.2851480143769445,0.7924505054184524,0.40521452909042144,3.922050723181737,0.1199398040872639,1.4308966197966768,0.009302688396652239,0.5872173096107356,MDFNet-a2,03-B02
6.173265387762878,2.2900182817565735,19.477952051181152,14.113528579561144,5.573927944516204,0.4823632842142639,0.6405058698169812,0.48431371267000123,0.04268175482714718,0.10600539482960494,0.8387433334642016,0.47287734556068706,8.39673273911774,0.08168323532077615,2.2083350464357974,0.14702201238045526,0.8177045560480726,MDFNet-a2,03-B03
6.933575133933424,2.4839273717106956,53.52415681556652,18.989847446928547,6.8673730601805785,0.3541877377489973,0.5168616471346854,0.27864870249948703,0.024906006596295126,0.29171843494909877,1.136050434895989,0.5120433422669578,6.190604450774456,0.31928494425115517,2.1646424274595404,0.03322171748730081,0.6751537580106938,MDFNet-a2,03-B05
6.436702375947063,0.8750748707617682,23.37613629995232,20.24973264182701,9.332503795570574,0.21929850923694322,0.4632023678768572,0.08256746255878983,0.011877514432295642,0.6387701521542931,0.8600896222530835,0.33753150940174415,7.1759963067400605,0.401841269098405,0.47323360166336315,0.07634551814412549,0.36225150032976094,MDFNet-a2,03-B06
6.358307972320005,0.8928660388325316,22.61790043671204,12.626245260821358,6.7043019710217875,0.27683821564398825,0.44065923202275836,0.17056277417623486,0.01089985879582424,0.31002464472224833,0.5635037866218182,0.4313442882575039,7.253334726902279,0.29595355073391616,0.5969124880986154,0.034358623041418616,0.5193178082465579,MDFNet-a2,03-B07
6.480880159246585,3.056082204180882,23.094837284116963,8.122339297405366,3.4057198242611446,0.4563744280141774,0.6318976063774779,0.40958635045143693,0.04451800469168326,0.07323118062176066,0.8907880498353078,0.5579171579045662,9.298124946765585,0.19694398894834464,2.8591382152325373,0.06072479801268762,0.8520240580156672,MDFNet-a2,03-B11
6.757149526742608,1.6985553156832207,29.889626378180445,16.185995192950305,6.913761206235898,0.3454025604426393,0.5266781380535093,0.26813446781409034,0.02507429820150336,0.4052379818600896,1.1440493025751568,0.3798341136435812,6.689614168712845,0.16474724822213993,1.5338080674610808,0.03899943585852468,0.6518056850267538,MDFNet-a2,03-C01
4.371878589116992,0.954721629077917,16.587200805130127,13.860243739165776,4.288519594828805,0.3526479513688929,0.6076392414766364,0.16015374330110305,0.014858143376573478,0.24142850946903402,0.35674214895079076,0.2336877649266684,3.899067159061408,0.07910290411406162,0.8756187249638554,0.02981410090562944,0.6754818018321563,MDFNet-a2,03-C06
5.493890862744128,2.217540816234063,12.268679415936527,7.217617463301077,2.880075967494182,0.49558357683117543,0.6856180398801884,0.3810257512938479,0.04807500914887738,0.10954302674663939,0.6895416896610511,0.5513004914716814,8.707290576870404,0.14978048124858745,2.0677603349854756,0.1021355970192391,0.8890315566431117,MDFNet-a2,03-C07
5.585364068913419,1.9343722718163203,15.12074416637927,9.884002439160433,3.629577240439377,0.44940212134223767,0.6299141586869825,0.3764900685200155,0.033594102737548905,0.12907643429766322,0.9377792688763311,0.5064523645221206,8.79893661088117,0.22861017124717442,1.705762100569146,0.060026537097036654,0.8387777055874387,MDFNet-a2,03-C08
6.446195537313024,2.3869834518869695,49.44097095137976,18.224458452143445,6.813918035698587,0.3290048892912185,0.4499956254471711,0.286028717567102,0.0302865728770819,0.2644860055647723,1.1040676062636365,0.43910403709370427,4.749079599923911,0.1354883833712197,2.2514950685157498,0.017860649917681024,0.640149128664756,MDFNet-a2,03-C09
5.214320991133713,1.4962940302460108,11.596581676454026,12.644817655809026,4.154923603779718,0.4458491181037153,0.6562137261763766,0.27455722914563846,0.03032394193212059,0.15260094022766815,0.722152372498122,0.4125262683624086,7.881060266685602,0.12726106849353158,1.3690329617524792,0.06900831981654586,0.8226899163908847,MDFNet-a2,03-D01
6.257168633436471,2.987553933711034,20.894376991327384,9.471812522516467,4.061902525174521,0.503558367322973,0.620595509993306,0.5488713714002929,0.06032533843051763,0.0828784466724638,1.036399344561458,0.4960114946909502,8.741127014532958,0.2064331110975175,2.7811208226135165,0.12779401365052032,0.8793227209954257,MDFNet-a2,03-D02
4.926220940338541,1.7746973700708963,9.635285320837452,10.105933513552115,3.0418385148354554,0.48998388046610136,0.7127496347240505,0.23606289740106007,0.034038273840835596,0.15589300225943056,0.7406277380202886,0.3546796125160893,8.176010858069397,0.1669432699294653,1.607754100141431,0.12726995018008327,0.8526978107521195,MDFNet-a2,03-D05
5.928129064202713,1.3424814052555618,30.902519658680163,16.963624300106893,5.932461211826528,0.3429152479358922,0.5058357299915128,0.239916476573277,0.022384979916773684,0.3444943565765403,0.9410778674433223,0.43878879987624336,4.525776215532735,0.1630790752820399,1.179402329973522,0.041224531894475544,0.6446059639773088,MDFNet-a2,03-D06
6.707838727960224,1.443287389628562,36.18820025061386,23.062889392414366,9.998414040674373,0.2727729627720614,0.4587591692633584,0.19986053571807627,0.023509019672601043,0.5654839303232089,0.8996976700717522,0.4429517271478929,4.809119947438884,0.19022042948678575,1.2530669601417763,0.024052856844330523,0.5214930686997923,MDFNet-a2,03-D08
5.478345943590889,1.5316660903234212,13.22261715016346,12.736723012962585,4.1717811770374675,0.4237658241738765,0.612864040643171,0.23892210584345724,0.026546040897639164,0.1136000662158431,0.5789219911345372,0.4524313621673501,7.918346476360002,0.16972148463919723,1.361944605684224,0.08977714187759982,0.7577545064701532,MDFNet-a2,03-D09
5.361593562529072,1.8375671179563895,11.523347013940704,11.182490264209786,4.083873015237869,0.4642936203708602,0.6682731315936541,0.19517983979462036,0.03444759290197842,0.06704183568041937,0.8678965386804982,0.3726174912040979,8.286969461612856,0.10240762970441963,1.7351594882519699,0.09345770454724062,0.8351295361944797,MDFNet-a2,03-D10
5.911421690487235,1.3725185161201665,21.457055495039505,15.977998669471111,6.297941033046897,0.2860678421745682,0.5761950217358546,0.2316203873792111,0.020670279870594055,0.37084228446814105,0.9707882327120622,0.4075319543759555,3.6929035603154503,0.07909583233229078,1.2934226837878757,0.01074844478809583,0.5613872395610406,MDFNet-a2,03-D12
6.373121578401908,2.186400941777851,20.954584437074494,12.469193373061565,5.948913985246007,0.4357366341255431,0.5930555586500752,0.4906651879763303,0.04098254352369357,0.09600531808390547,1.002621361235078,0.5410125869967048,8.655990825594571,0.12927856774916613,2.057122374028685,0.051413464084088284,0.8200598041669979,MDFNet-a2,03-E02
5.738357001011478,1.1453771662959866,23.25781606884648,20.382840569029067,8.096249436585476,0.24183243887456998,0.607906579454734,0.1282278820398403,0.014545435450989226,0.48181780621505327,0.927442089939585,0.38351957748496357,4.210813848376652,0.2938420115834397,0.8515351547125469,0.03239056906965356,0.4512743086794864,MDFNet-a2,03-E03
6.3858801801284795,1.839980620186731,37.817058733404764,17.1212472162265,6.212151594922831,0.32482967075296537,0.48675558494419,0.2128683206555279,0.02483905742365615,0.3298957460832078,1.1310836612773145,0.4654334177970539,4.6012531723843475,0.18981460363827551,1.6501660165484555,0.03217486172213976,0.617484479783791,MDFNet-a2,03-E06
6.235661112131151,2.0712166564892343,35.115607836004656,16.647004191167763,6.100400979881401,0.30866277050335333,0.5386924937730522,0.20775856400413342,0.02436942068256271,0.3488115324107161,0.8419918351599647,0.48695148980550407,4.0121794770006,0.25184789411851227,1.819368762370722,0.017884828554418773,0.5994407124522879,MDFNet-a2,03-E08
5.970342186428286,1.283703154311305,23.998188128914084,19.28719543791556,8.216545266910002,0.2793729064044037,0.5321029776958687,0.2705002649884716,0.018884496184287294,0.32765894379816757,0.7814440100911216,0.3654388392287905,3.7719672246736264,0.2078567447465387,1.0758464095647664,0.006751458727103929,0.5519943540817035,MDFNet-a2,03-E09
6.479316112440058,1.893308217223609,43.659586773427016,20.42208457973655,8.584894875495825,0.32570560243030466,0.44647884930838333,0.2735808301076924,0.022856197749988677,0.2656350513948885,1.058060244732048,0.4010210939066269,5.261725170483818,0.17600021411849553,1.7173080031051136,0.01748142833747264,0.6339297765231366,MDFNet-a2,03-E12
5.507737674806157,1.0424669069974009,16.434832411804802,18.35831904588169,6.9919003459202935,0.2626950990395054,0.6290125241181804,0.16256139423374355,0.012576118338356038,0.411399443568701,0.9253226981267499,0.30133523841918997,3.8318865243561877,0.21892059221832838,0.8235463147790725,0.022751068492366126,0.5026391295866447,MDFNet-a2,03-F01
6.134208809550513,1.4762698391979718,27.689258949499656,18.066432275074025,7.32727457612936,0.2844602030960097,0.5240063936082349,0.2507935525132014,0.019302546707671748,0.33566302268061965,0.887885033120862,0.4239597806118371,3.7618909501803435,0.06517159551488838,1.4110982436830835,0.0034966724872830665,0.5654237337047364,MDFNet-a2,03-F02
6.898183060323903,1.4247133433084596,35.47576552336733,21.03165324744062,9.152980351188821,0.32252405921353494,0.4545235568210704,0.288611911318944,0.028269084065717133,0.4854893283449156,1.0005368124289256,0.46109332592421126,5.703456187408801,0.1661415209030963,1.2585718224053632,0.027021133346212818,0.6180269850808571,MDFNet-a2,03-F03
6.974910473034347,1.6470783498230972,48.5643975913843,31.22598390184545,14.642537451520763,0.3150157756313211,0.3885280907825691,0.38224972084051606,0.02728805117110966,0.34060165139130366,0.7882480457545878,0.35776563145150575,5.276626036589498,0.18199132977657584,1.4650870200465214,0.00749444724388801,0.6225371040187542,MDFNet-a2,03-F04
6.063373953545636,1.5307524407321669,26.006112076757457,16.80438702023001,6.692687618608562,0.29251702535711793,0.503201542023693,0.2683350232633166,0.02225603247800331,0.33490765229318087,0.8888958773396383,0.39566798761825295,3.719538471354001,0.030495481682077497,1.5002569590500894,0.0027265402115877165,0.5823075105026482,MDFNet-a2,03-F05
6.49325568125035,1.4983436954155263,32.994898254772416,21.037638694380167,8.7065664420641,0.24889031494670014,0.5259816782747186,0.16181794679646916,0.019523575818355537,0.5266830602690953,0.843592716310411,0.4668371404678856,4.572452480117175,0.30534410569820203,1.1929995897173242,0.029850029071370063,0.4679306008220302,MDFNet-a2,03-F06
5.990746325876414,1.9684366161787707,33.376273207159244,13.256044377894433,4.984520742352281,0.35402072104368687,0.5146685930028698,0.18507937513101144,0.0238977487037121,0.2516672094276296,0.792497272686872,0.45795672786104485,4.967787710302444,0.24377653160103918,1.7246600845777316,0.04086696097724409,0.6671744811101297,MDFNet-a2,03-F07
6.792762514353886,1.6513904412894167,28.239744145129176,19.173227561313535,8.742649807955877,0.3584905198430302,0.539945131242747,0.25314876061084973,0.029371402008428513,0.5450448293791236,1.0805989288358753,0.45732148158569097,7.278513532857664,0.1299012225011449,1.5214892187882718,0.050107214807994106,0.6668738248780663,MDFNet-a2,03-G05
5.55140268857285,0.9697979790012949,17.740405984678592,18.393619200625604,7.020010245199798,0.23731022454962225,0.5655685945853534,0.16116210487876204,0.012592083494146932,0.35328723540150914,0.6438457888591416,0.3221950778691511,3.645743515916926,0.12676495067468618,0.8430330283266088,0.011729628155826373,0.4628908209434181,MDFNet-a2,03-G06
6.5396173561818465,1.7144177550748037,37.47929608669458,19.49729790119504,8.155113986585242,0.2872354152251928,0.5023251103340554,0.22592154370490727,0.02330886518972988,0.44085695879021713,0.9654229576536678,0.4670951601479809,4.191188167813039,0.14527315004463404,1.5691446050301696,0.01750293061394265,0.5569678998364429,MDFNet-a2,03-G07
6.216363542642986,2.7294408935672454,18.77183941389873,9.256729514086803,3.6859408846517114,0.47738479728732036,0.5955347238928804,0.458645535486269,0.05469595437317001,0.09939926365757376,1.221643673679191,0.46060927788029343,8.753463128942947,0.1683702067463564,2.561070686820889,0.07428329931244691,0.8804862952621938,MDFNet-a2,03-G08
6.684636417022292,1.5628666470839114,39.291083632779426,22.470059122163157,8.908719307270076,0.260710027512179,0.5189014428689045,0.1667972422217154,0.01921218202083572,0.4473978016739993,1.1741791242167443,0.46761635611013186,4.6783761638447166,0.22758968032718307,1.3352769667567284,0.0259597232859782,0.4954603317383797,MDFNet-a2,03-G09
6.7904722101017425,1.4504112682055457,28.997703174320577,18.28417783496189,7.243858053698957,0.33341647718345435,0.5264327154486703,0.24377274576066182,0.02806117815941592,0.5767209656157639,1.3717819013730757,0.48859555007285294,6.444980255709728,0.25607324963658584,1.1943380185689598,0.03978561565172408,0.6270473387151846,MDFNet-a2,03-G10
5.720717660863388,2.398390435123172,13.896694819431456,8.862965925697686,3.491171135661133,0.5182431656428179,0.6444074467269937,0.3911005329871215,0.05085789234240773,0.10393864037114264,0.6773180816072466,0.5139644347583859,8.864769813400795,0.15903117084151575,2.2393592642816564,0.15970163476391616,0.8767846965217196,MDFNet-a2,03-G12
6.782502514412161,1.606821617524293,33.760179852153485,18.58025262265593,7.69229958026699,0.31386361563361775,0.4820480124865023,0.21899497957310937,0.025891516965284894,0.5020140832513785,1.018054805185233,0.44621476405553173,5.403353756537125,0.16637891751754985,1.4404427000067432,0.02405501801844266,0.6036722132487928,MDFNet-a2,04-B01
6.386690351172087,2.877346803718229,20.886450184865875,9.32455334689898,4.0122052460652595,0.48930219552921167,0.6046118198484743,0.49714888669390617,0.059356965849078736,0.09467969597165352,1.0890301846719934,0.4942380320481767,8.691399820688558,0.11216847084340564,2.7651783328748234,0.09916896922185005,0.8794354218365733,MDFNet-a2,04-B11
5.976139179681669,1.3239776205096305,16.692543590038316,13.261290057884366,5.415315913237476,0.4015356779659309,0.6292157960989705,0.2640965774318571,0.018968916791195774,0.2917970152858489,0.8044701874850775,0.4750218555736591,7.551092369416925,0.1579841901500565,1.165993430359574,0.045777529364720675,0.7572938265671412,MDFNet-a2,04-C12
6.008195245489664,1.5144195835299072,17.708825857467012,9.092742007579789,3.7785575753815066,0.41353033671138817,0.6219129581992671,0.2350402646634268,0.019941959828313684,0.32450004750056666,0.986740460301921,0.4609307070135652,7.990457885135141,0.12563493410668158,1.3887846494232257,0.06782063796103668,0.7592400354617397,MDFNet-a2,04-D02
6.993471106688995,2.1441031726605324,36.13718938774409,14.813196601222469,6.017564638754506,0.3839326155108871,0.5741456072199163,0.3174427634209276,0.02912530252551579,0.33936706743950407,1.246885694880251,0.5855401620667143,7.276961265112214,0.17208337123311956,1.9720198014274128,0.04769870503526517,0.720166525986509,MDFNet-a2,04-D03
5.946544568238423,1.5643036892656088,32.88629627866687,18.557585311226426,7.345423707353188,0.3438673349253134,0.38231172566871313,0.24552900707017436,0.018360034031965726,0.3026919403386128,0.5766320748794644,0.29833901855279643,4.704065830227099,0.18244411641537894,1.3818595728502299,0.02159405246843581,0.666140617382191,MDFNet-a2,04-D04
6.285985862894284,1.7086128800081806,31.736956879367646,16.204560032058566,6.726494349737133,0.2903037033920305,0.5176797101547245,0.23279975108722825,0.023238187720613993,0.30046050659459106,0.8571324452303912,0.4442620146252167,3.8674622203435334,0.08579241099230295,1.6228204690158776,0.012903944977243462,0.5677034618068175,MDFNet-a2,04-D05
6.534626912392639,1.7876947295109797,24.887509474367253,14.179900635150913,5.214989953068778,0.40620251436400534,0.5950377153891271,0.35124375801815155,0.029913125486240873,0.2590178247209992,1.197780849102529,0.4824796646395033,7.762159120873477,0.20086600507229235,1.5868287244386874,0.06532209860787185,0.7470829301201388,MDFNet-a2,04-D06
5.757441222068231,1.747227638035616,16.135788254031215,11.459254589650858,4.6728028722018164,0.43571734865636336,0.6335580257466853,0.34628601289604644,0.029679055747466914,0.11442623925753424,0.9622895319725902,0.47373869644649813,8.67489256039703,0.13559988392917965,1.6116277541064363,0.07146855589438997,0.7999661414183368,MDFNet-a2,04-D08
6.155160597326342,1.9714098470826045,19.26252732390651,14.732977933216757,5.596851713221651,0.4359310493903277,0.6182794152950517,0.38720708348587846,0.039091740140933834,0.15611147582524112,0.8733141066458541,0.5020530862316916,7.990245286833872,0.17196686950789086,1.7994429775747136,0.0729046796235136,0.7989574191571417,MDFNet-a2,04-D09
6.486527392591544,2.0281886549399086,25.012128251314987,15.427721049475611,5.488088573657076,0.4303046222370725,0.5543057301501874,0.26037521014046033,0.033709942474906565,0.3323079683653267,0.8043525058236144,0.40547716945618306,7.889792291135408,0.13767827237986907,1.8905103825600396,0.13123764614371666,0.7293715983304283,MDFNet-a2,04-D11
7.05571704815352,1.7624146163756453,33.633975855449904,19.625294688307182,8.995136796070303,0.3435527226825629,0.5365913922111933,0.3082159616820302,0.03262757815384487,0.4755602004483854,1.197795607299556,0.5470952324683266,7.20985687450391,0.24446385417413374,1.5179507622015116,0.04861035072679939,0.6384950946383264,MDFNet-a2,04-E08
6.405660802853521,3.1680445802899353,22.55363451576143,9.420677198664098,4.0747130240246054,0.48160534632913576,0.5757893703486302,0.4304559139848762,0.05577961683242482,0.08506847693413463,1.1026045759018368,0.43809326955231376,8.734845828480639,0.12921214689887073,3.0388324333910646,0.09418891545569646,0.8690217772025751,MDFNet-a2,04-E12
6.608736689086486,1.981014993031108,44.22702556834865,17.70381391096387,7.014817346542722,0.30606628042643513,0.4955509938884737,0.23343781968360677,0.027956848656377497,0.3808156712638902,1.0555651316078023,0.48455007022251273,4.420592152627995,0.16303938583123845,1.8179756071998696,0.024988298308185497,0.5871442625446848,MDFNet-a2,04-F04
6.292622920672244,1.680958887443909,35.768372979508264,18.887864153915398,7.399739360515791,0.30551684054834716,0.4601748403602162,0.19380976509081704,0.021501775566590713,0.2981372412364288,0.8897169075936001,0.3710076121918994,4.580914725805582,0.10307766236459592,1.577881225079313,0.022173345140314066,0.5888603359563802,MDFNet-a2,04-F07
5.701060039221737,1.2439540707603367,25.07026742468439,18.93881795995284,6.954392159887251,0.30832160752846144,0.5213528913177485,0.24471291451026886,0.021362244642667443,0.36708366847516355,0.6589218469259126,0.3681771678002274,3.904791213534194,0.19795064774766047,1.0460034230126762,0.021148702684711425,0.5954945123722114,MDFNet-a2,04-F10
6.700006494398432,1.7205014413761646,38.11465747994608,20.406454082715438,8.166466009036268,0.3062622563939565,0.4754130300423162,0.2677653450978227,0.027761222166251424,0.4260869353064965,0.9256994337424869,0.46614441916484073,4.717061453854761,0.17932927557744094,1.5411721657987236,0.02436543393213744,0.5881590788557756,MDFNet-a2,04-F11
6.020621551950584,2.54871470903557,17.090057900144235,8.247995831581285,3.7812177753125376,0.47980701394795666,0.6284376962822925,0.4625070110772305,0.05580860354180735,0.05215215307729208,0.8745982418440946,0.5266110715718538,9.418014318755375,0.16430977524949952,2.3844049337860707,0.06235213305706571,0.8972618948388477,MDFNet-a2,04-F12
6.265513193963803,3.0652390805108194,20.834078843576734,7.37988225921227,3.3612419322146323,0.48453158630396703,0.6172106600724037,0.42337256921815847,0.05810500605765993,0.05591538650934158,1.0161175179798534,0.5000401647254085,9.11409847655343,0.17317969108640874,2.8920593894244107,0.0752294992931642,0.8938336733147698,MDFNet-a2,04-G02
7.327557547655437,1.676195705410203,40.65776821936929,18.658548526333895,8.107420463524685,0.31289642811628965,0.5007816708627119,0.19235218791335124,0.02775476025925063,0.6625670022265923,1.3851004571064482,0.5870853055343289,7.535406374816862,0.24201947766553467,1.4341762277446684,0.04934038648821269,0.5764524697443666,MDFNet-a2,04-G04
5.732980443246974,1.0628229105526579,15.052489461574817,10.770445849397973,5.299364591135828,0.36097190231644605,0.5570586105052149,0.2850163308938339,0.015344588582961914,0.2203539878338494,0.5380972903770656,0.34915335004917736,8.764827032521827,0.13972127403008194,0.9231016365225759,0.05309970824260353,0.6688440963902885,MDFNet-a2,04-G05
6.5324330823064995,1.4415249159644024,39.65591222113505,18.55014064495238,8.174921290259363,0.3456255301968872,0.4565579796055495,0.33878054720271455,0.023870089796119327,0.24434232480379078,0.8833856635632409,0.40579421337311,5.904500341921436,0.19659814681310905,1.2449267691512933,0.03175535084193861,0.6594957095518358,MDFNet-a2,04-G07
6.480346785101163,2.8879805027445506,22.57067196599544,7.617511249099551,3.5255729468842714,0.4889783367284212,0.5741532153813966,0.533204987659974,0.06666047066679838,0.0532797754739035,1.123764589499751,0.5000519605037155,9.265184741102724,0.12691098525428224,2.7610695174902684,0.08386205337556062,0.8940946200812818,MDFNet-a2,04-G11
5.77540199577544,2.2743159509550317,15.163877819818929,11.443473131891103,3.806896269791378,0.5667927160522297,0.6392749597458477,0.3503382198909464,0.03962955924716272,0.07292980988096613,0.7848291865364233,0.40237680882961985,10.437192694669761,0.07906615993515231,2.1952497910198794,0.3072777336987301,0.8263076984057294,MDFNet-a2,04-H04
5.724911959875118,1.3075277087528843,16.180169282242648,12.739249746697302,5.097404158595023,0.4209214215747763,0.6278244047394945,0.3878792539968578,0.02416209868304721,0.16238621790002974,0.9770206891404736,0.538724374879059,8.20099871129679,0.24221916170257352,1.0653085470503108,0.06836524303222101,0.7734776001173316,MDFNet-a2,04-H07
6.409541597975074,2.60981171039084,21.706279887236995,10.378184037229948,4.306446269387847,0.4740619821819353,0.6128989495392905,0.5349087616807232,0.05588304897722581,0.07777507117380335,1.0267959458170526,0.5337022643648296,8.776497852344205,0.14227535269123237,2.4675363576996077,0.08512924621333824,0.8629947181505323,MDFNet-a2,04-H09
5.84091564318622,2.770236573582679,15.998205223907549,7.063949785372952,2.9960590850908395,0.4882797173496957,0.636573803873564,0.2824275285319334,0.05430879383495342,0.056307082440926026,0.9504795095673706,0.45939291807536226,9.544872983165096,0.15044175004657134,2.6197948235361075,0.07415993901539265,0.9023994956839988,MDFNet-a2,04-H11
6.607212227281259,3.0476858751244382,25.128903190103472,10.918118481439429,5.05905103787472,0.4701190041593348,0.5872958585617613,0.37518407045404417,0.05072905584719601,0.08928160697181668,1.2949686467010575,0.39720227425231314,8.49246618886572,0.20825340937957826,2.83943246574486,0.08867211001190982,0.8515658983067598,MDFNet-a2,05-A02
7.041784312542999,2.2159839962191565,35.04077514716552,17.43808261228483,6.498690767970641,0.3700786470474342,0.5312339006307907,0.31555984519763036,0.035816194321053874,0.45272314671628056,1.1310694901182066,0.484082132547986,6.512328207798117,0.21231312070529462,2.003670875513862,0.04100608655857436,0.699151207536294,MDFNet-a2,05-A03
6.11931856704461,1.6828216304350505,20.56784059813445,13.316582497746039,4.843374576409729,0.4174120331111065,0.622800489967412,0.3224186226489425,0.022871273738897784,0.2221182470093808,1.0843223544504754,0.4709692982833286,7.763891032970057,0.1925949573248964,1.490226673110154,0.05401890788144499,0.7808051583407679,MDFNet-a2,05-A06
6.2018562224603455,3.1494079155481227,22.267062075116115,11.451208743255501,4.64898818530055,0.4628917880272154,0.577473289302226,0.5110858581610714,0.055176789120129986,0.048204794412139575,1.2088213419869749,0.35532256483784885,9.35668306484682,0.3752816943954915,2.774126221152631,0.051518859980211405,0.8742647160742194,MDFNet-a2,05-A08
6.671757814785036,3.22076295260681,26.65029660150435,10.336044622754807,5.195375420552193,0.47128957578258257,0.5767952765405165,0.4792856076979295,0.057204715685446224,0.06590667845015234,1.0482366855798237,0.47555046819426433,8.95740215372714,0.17652937498603904,3.044233577620771,0.06666400270293554,0.8759151488622297,MDFNet-a2,05-A09
6.440701749677422,2.9885630294307965,22.11502530066528,11.666995396881266,4.780449310779333,0.49191009861141516,0.6358720351541384,0.49105584047526485,0.052684755499525115,0.10984876767986465,0.9211713815184873,0.47622438922369825,8.541595562260785,0.2821798201044139,2.7063832093263827,0.13588063923455293,0.8479395579882774,MDFNet-a2,05-A10
6.453129992480098,1.5334632764024096,38.93520581804954,21.026950104708806,9.046715191444294,0.2986126211473875,0.4908353717777908,0.2506788986760689,0.022605536948252847,0.3831364022723714,0.9313749708824859,0.471812523725188,4.414573462285205,0.18364360075321962,1.34981967564919,0.02459816221523571,0.5726270800795393,MDFNet-a2,05-B01
6.510403694560879,3.1458776661693406,22.54922810388494,11.085377052737462,4.599552259979494,0.4644215930669682,0.5985774568600752,0.5065530699718123,0.05714280754140674,0.08315217110377475,1.1553972783553519,0.46757243593010867,8.725016023451893,0.14805851574385898,2.9978191504254816,0.05276937697571576,0.8760738091582206,MDFNet-a2,05-B02
6.999729188474413,2.1410882710927552,33.412709934962606,18.78232057261186,7.375882146855082,0.3611907190521839,0.4243815628369258,0.14727554578678245,0.03180059168289822,0.3298976395741427,0.7291953551343933,0.3622982786741371,7.238931644611468,0.19054447455206613,1.950543796540689,0.08997663612927259,0.6324048019750952,MDFNet-a2,05-B03
6.614086460144159,3.130078653692115,27.01265264078459,12.875556210637397,6.104215664014122,0.46460672258465513,0.5765827253241032,0.4589422326184564,0.05642970218974226,0.06354869672836513,1.087054146631138,0.4599860952784686,8.644139227569239,0.17477218021895524,2.9553064734731596,0.06531087521552602,0.8639025699537842,MDFNet-a2,05-B04
6.682787921301591,1.7135514426840412,41.97395440947846,21.688395691606512,9.565683774639387,0.2790806705277227,0.46831464249427196,0.2606463470225376,0.023396403406557426,0.2959776335830293,0.9822505828894273,0.42157998790996415,4.2290463829524745,0.08894137121975021,1.624610071464291,0.008174843600240586,0.5499864974552048,MDFNet-a2,05-B06
6.192784004542132,2.723365342958985,20.337857577629666,11.020640498733805,4.380188040493558,0.4742279917694493,0.6441256009025056,0.4425760453099907,0.05021753311070778,0.08285088147192951,0.8283740456158617,0.5034254259607407,8.486283536826091,0.22591763628010142,2.4974477066788836,0.09667299891070008,0.8517829846281985,MDFNet-a2,05-B10
7.046272898044804,2.4532229846261586,39.613319717191004,16.268690461889925,6.359864039673607,0.37791486790824785,0.5355412981942119,0.13965821244758334,0.028511817951852148,0.32025746671107297,0.7036670365342987,0.32278150544774475,7.4992126727705095,0.23543930737065288,2.2177836772555057,0.10945472154382019,0.6463750142726755,MDFNet-a2,05-C04
7.028855359915973,1.6991191930940523,36.617497863949104,18.670623207236307,7.700714448712386,0.3001632209866923,0.47348454068869705,0.16768945278106923,0.02356134729859114,0.6023377517827098,1.0408032647563867,0.4495694406209955,5.889322441453775,0.1672671100902381,1.5318520830038143,0.037430525144392046,0.5628959168289925,MDFNet-a2,05-C06
5.962349299879485,2.1110183288527313,16.67746743563166,12.593362897611408,4.5335777995120115,0.451707022633267,0.6128219233854845,0.32783888133740374,0.03991421831009482,0.1354393398403665,0.9400307647071916,0.411227198673559,7.963305904390098,0.11652772055658644,1.9944906082961449,0.09814161143924695,0.8052724338272871,MDFNet-a2,05-C08
5.8372147765969675,1.8412811896905987,29.11465601020536,17.112198569280842,5.670576862598273,0.31757511418351886,0.5039046006148946,0.2176319899838624,0.023693662165943385,0.23494540649430246,0.7407499941446228,0.3767893597607257,4.03816616201565,0.09109884678761748,1.7501823429029812,0.01940862109741033,0.6157416072696273,MDFNet-a2,05-C11
7.021434492795944,1.551206058016561,38.35054935839963,20.427454621294746,9.262981988238062,0.28371467159612185,0.46509378282654046,0.19845362214891135,0.0249211844544631,0.5898403302801077,1.103822845283106,0.4723531481893735,5.630306678888753,0.16125054788538407,1.389955510131177,0.02902226362162946,0.5384070795706143,MDFNet-a2,05-D04
6.095378569998063,1.2425664160895522,24.1692355172558,19.003049196214175,7.5640199807873145,0.26030905449556196,0.5727722701630075,0.10690804104622727,0.017355195304799082,0.6087285496307739,0.7744065495190707,0.41564421375871907,4.4507490319322045,0.1693209094873609,1.0732455066021913,0.045719040974703556,0.47489906801642034,MDFNet-a2,05-D09
6.726995275022557,1.4054857868454533,39.29722316485176,24.745030025480403,11.711956444703375,0.28111180294018123,0.4554667805989301,0.2755570476078721,0.022675446667514393,0.3443493561817037,0.8799212700028861,0.39867595404970113,4.44341183838476,0.10598432814630776,1.2995014586991456,0.010686085924457937,0.5515375199559045,MDFNet-a2,05-E01
5.60309716363604,1.4808878630195412,35.22398458837016,22.003341280953087,8.162617542040014,0.33595829012911854,0.49346814565792896,0.3220169947720525,0.02079765701883772,0.1906299876622341,0.6776460736981302,0.36685699235575586,4.2975594165854485,0.1815264759934081,1.2993613870261331,0.015255384893341467,0.6566611953648956,MDFNet-a2,05-E02
6.756360675840677,2.905742466454896,27.730482723958627,12.912258566756433,5.643763341534317,0.45880992013082794,0.5515571945733604,0.43149514861359745,0.05406220185366115,0.08473862206874526,0.9388534678298377,0.4918826196914091,8.606238550719528,0.16280177978624621,2.74294068666865,0.0866938949768019,0.830925945284854,MDFNet-a2,05-E04
6.80882540209379,1.2969906405650633,30.077718536823358,19.35386528490588,9.202483151488428,0.3395753165863073,0.5110669843860896,0.2909261457834573,0.024614043242943588,0.42219047381301844,0.9353103855859366,0.42501600420465113,6.549455565196886,0.11500934353719217,1.1819812970278711,0.030025203785713113,0.6491254293869014,MDFNet-a2,05-E06
6.669805857479686,2.3011612647361517,27.211882877370435,15.916224594497033,6.4918991980569904,0.42405269341762614,0.5740879881455448,0.41992494463588614,0.03540790959730064,0.2779541277004576,1.156754355088403,0.3776962831089138,8.319629751408643,0.28073379853125147,2.0204274662049,0.08220466381690271,0.7659007230183495,MDFNet-a2,05-F05
6.521441202698483,3.1027240016377213,24.536698491950148,11.144581127015394,4.712604753015111,0.46958031300610903,0.48737103882543265,0.43591594793284666,0.05280149494166401,0.1003411510558242,1.213110760589036,0.42254024408564633,8.592222300529167,0.21109618585816747,2.891627815779554,0.07622367259439823,0.8629369534178198,MDFNet-a2,05-G06
6.0143740971640405,1.8503611520468848,18.074049424854234,14.579147404816743,4.632791526363276,0.4326401481427807,0.6454433635744105,0.33879989688305456,0.029489910628459435,0.22173488826513618,0.7884742483864591,0.539243660721717,7.837767091299717,0.3076061438938815,1.5427550081530033,0.09957984650953786,0.7657004497760235,MDFNet-a2,05-H02
6.0817742169369655,2.4474044959724477,17.36600389704881,12.015230555446433,4.30595042430768,0.46073274262343145,0.6002908830453056,0.36623117211157497,0.04147964091002896,0.1721841676698016,1.0235246746277258,0.40749813237973476,8.239081598956945,0.14609131270436926,2.3013131832680784,0.08621461811389468,0.8352508671329683,MDFNet-a2,05-H03
6.1471514576044735,2.004748760452694,20.941298052020947,14.66469781914969,5.543513310710205,0.42711102984138005,0.600847728033477,0.3985546099758667,0.03527998665889018,0.16047005816891238,0.9605755148738209,0.44806300602936056,8.114201822538412,0.18230522688463857,1.8224435335680553,0.06172495866886926,0.7924971010138908,MDFNet-a2,05-H05
6.070802909465444,1.3495215003153653,31.462159582482,23.62156569002011,9.579513018049564,0.297252366466808,0.4705927649980306,0.2721835830130283,0.019931657012257957,0.41361046049505473,0.7781798231047954,0.37802001753558,4.088581020608394,0.2861409547955027,1.0633805455198626,0.021938758935641418,0.5725659739979746,MDFNet-a2,06-D06
5.661354790229567,1.6863533539601399,15.273331356903036,8.8745625001128,3.760274280680446,0.4354848336254378,0.6497942837437723,0.20492391340075164,0.022055552914467702,0.11797696081215549,1.011890445528139,0.5297474445628999,8.691409584689698,0.19501303584124585,1.491340318118894,0.049628694850592805,0.8213409724002827,MDFNet-a2,08-F07
7.373115529256353,2.462086760144679,57.90141868749215,21.263567548366968,11.041673644297013,0.2766627861582651,0.34481496837744424,0.19905585002120338,0.03309878668895561,0.6268752536351803,0.4270071335389227,0.31075690277781726,13.210984562340576,0.2969359313397515,2.1651508288049275,0.025964119532943686,0.5273614527835866,Content,02-A02
1.1572678734403716,0.48217855041467494,11.094683040962197,8.604498848569529,1.9160662584645223,0.10220754818069451,0.6519362939261988,0.10757982180055778,0.009174940307967778,0.11160037982444458,0.5105914619435455,0.3535200469644054,15.435230480503916,0.03590022483176192,0.446278325582913,0.15737351069230784,0.04704158566908118,Content,02-A03
6.2191603207184345,1.1860170579462093,22.50835150346752,14.609047739520657,7.806742523795544,0.3390788844295193,0.3844900317436847,0.2234899349841202,0.021137723607785805,0.46786630454489353,-0.11017695710991005,0.10017046363991383,20.1662201689161,0.287869123885633,0.8981479340605762,0.09678299796592055,0.5813747708931181,Content,02-A05
7.58860155056539,2.587736468911851,63.46967443098822,22.096511961932805,10.604975494456749,0.3613455298198943,0.45782607066236236,0.2546072075435082,0.038635686575542144,0.534677792988232,1.0579167541044994,0.47398714134673203,8.484281476367299,0.16581878418071483,2.4219176847311363,0.03697965776455713,0.6857114018752315,Content,02-A07
6.518744538144679,0.8755544896963352,29.78299760611384,24.87374548085978,13.560460106073368,0.22649657929588768,0.476506155344279,0.20462406780500292,0.015430838268304355,0.6115628970587959,0.5996793919153032,0.33280869231386623,20.49282059512869,0.06989641578066941,0.8056580739156658,0.012560016775799349,0.44043314181597604,Content,02-A11
7.468710806269643,2.1292062432341456,65.07792341066805,35.50759261806561,17.95860571374726,0.2653400061303779,0.40443425650909925,0.2436227417631746,0.03565591024119192,0.6333023663095811,0.9885466036653123,0.47891571322929155,13.311409957120397,0.2015992929646231,1.9276069502695226,0.01789334603145872,0.512786666229297,Content,02-B02
6.01977720007666,1.8092449193957592,26.646051908261775,18.459036953646613,7.073563374545463,0.4439370060910651,0.5909221374325946,0.3312279858107417,0.028080584899254305,0.23947433341629273,0.6867211305430597,0.3867106750657005,7.85034338970185,0.35925661387814145,1.4499883055176177,0.0681939585673436,0.8196800536147867,Content,02-B03
7.619695016673655,1.8765351516654594,52.914006139394814,36.714618689476666,19.104453171188354,0.35541107045996534,0.4130498774604924,0.3228217827857177,0.0350017067421679,0.5199555905511789,0.6271791648841114,0.3922856244014101,10.99048981090865,0.2596494492654635,1.6168857023999958,0.009592117092596502,0.7012300238273341,Content,02-B05
7.055778829011379,1.8181416064937714,37.321380953524304,18.078467468944794,9.621613222735636,0.3540685659957793,0.5134958767024839,0.23727942868590546,0.0276708599962185,0.5868439178331357,0.49528111053827467,0.39576695671784445,18.416264361960586,0.1738237445067572,1.6443178619870142,0.08793439961345245,0.6202027323781062,Content,02-B06
4.094342849955851,1.3453251656140663,20.24338344002459,9.00452786070833,3.673092685216682,0.2539920980528164,0.5365420118132435,0.1262989286605508,0.01629233821131839,0.1941741798392231,0.04407937810244067,0.27718503424880636,16.301198967528343,0.12217677268400617,1.2231483929300602,0.2584435086700539,0.24954068743557892,Content,02-B07
5.65056119034281,1.9046000187042704,32.90754488041328,10.695908269937515,4.873453655654624,0.29243359587381546,0.2914804622067553,0.1458016939416881,0.02029763357206729,0.2276082072151441,-0.2575416607659692,-0.16597599372953686,14.601391054178794,0.9809999258076054,0.923600092896665,0.1093510725052728,0.47551611924235815,Content,02-B08
5.470201843931288,1.62048303179699,22.7207327341856,12.253758029955097,5.192057929531973,0.332929787877312,0.5743067446504686,0.2708495738763363,0.021002195549935057,0.23595289483244206,0.23000987514972704,0.3376149724944427,18.72931778579057,0.28771226203376266,1.3327707697632274,0.21195487345452368,0.4539047023001003,Content,02-B09
7.326759597055194,1.9900767330805191,63.273091088766115,33.541096877197106,17.046876107380395,0.24763125505850989,0.416050235956255,0.2120702364239935,0.02985322201398212,0.6386477500103064,1.0633537317777564,0.5076948415575124,13.662270446884353,0.20194896758554748,1.7881277654949717,0.01092234179160682,0.48434016832541293,Content,02-B10
6.773006909851961,2.0228697655815058,45.68299223553857,14.838297410013428,8.170892338219081,0.2723595889451589,0.48457715054660433,0.13034750426094918,0.02458131169811085,0.6178671902930247,0.6499781782991061,0.4820633686252962,16.333678512493197,0.24361181113527053,1.7792579544462352,0.0706379807065127,0.4740811971838051,Content,02-B11
7.424836739460513,1.7133021713100813,46.682174434335074,28.102238114645797,16.17153301292458,0.2735206013510181,0.37332944514978705,0.1428771661010996,0.03541830206386887,0.7220728063241254,0.6841803622094234,0.41789578218291895,14.439901305705318,0.21925822451840737,1.494043946791674,0.03668347130888537,0.5103577313931508,Content,02-B12
5.092734950797451,1.5011387561941554,15.586692578847904,6.076133744418823,3.227389471683488,0.44736100300244275,0.3899818970476457,0.07349842265219027,0.020306998177531014,0.33928767219554057,-0.5349671523785334,-0.08107608118453116,20.203835423144895,0.4985125822590266,1.0026261739351288,0.2803264991402679,0.6143955068646176,Content,02-C01
7.501539612627634,2.1500043612650934,55.40188395595678,25.971373720807897,13.694079941115197,0.26093385178113954,0.3350660715171231,0.1908722810094237,0.03698241388992108,0.6773097040293942,0.9168511448427403,0.42274843830356396,13.933239345527479,0.23125455117882332,1.91874981008627,0.00902453455487393,0.5128431690074051,Content,02-C02
4.366484102738317,1.2268908750600414,24.212391047193684,9.13527372239774,3.979764465247067,0.24682355258687289,0.5352040992432592,0.17187188238163398,0.021991181214133005,0.24505824768292683,0.597689745459661,0.3847115877012625,17.70723859009369,0.13255912915807855,1.0943317459019628,0.1973859654048545,0.2962611397688913,Content,02-C03
6.704507050104303,2.518740987051185,46.007718685891405,19.030683282237803,7.735232083840937,0.4019063972135328,0.5188559141519011,0.2900207948524833,0.03674753331152713,0.246695304861205,1.0611030874476746,0.40850319084184916,6.585226606886772,0.08483979312268808,2.433901193928497,0.029265258253929408,0.7745475361731361,Content,02-C05
7.200560189492879,1.9705916096966085,39.847231750715416,18.8195478958014,10.055250334781338,0.330637617371586,0.4314920346028833,0.1479626736288447,0.036963178637443535,0.6858379559186399,0.9753379913898377,0.5358519800714692,11.055134418094042,0.1895058529192184,1.7810857567773901,0.039280331529013904,0.6219949032141581,Content,02-C06
5.985525377285827,1.5120664147489187,35.41430258242826,20.005335501008094,9.686276203137018,0.26604138683290446,0.41256777005059037,0.3022860498979035,0.028515654714465394,0.41960172880486485,0.205121280198873,0.3432643157701718,16.817599774281252,0.16806981080586425,1.3439966039430544,0.15153215280305316,0.3805506208627558,Content,02-C07
6.214677774609769,1.472570159712257,19.531887149578473,17.568012302396074,8.627606510959115,0.4715334646151796,0.5664624088146292,0.29622467507897215,0.022317246001021144,0.35166587849488906,0.24702410521344734,0.2054618738549115,21.883038475122873,0.08962373039634919,1.3829464293159077,0.32200921072367217,0.621057718506687,Content,02-C08
3.3986186547255555,1.0534954568978776,20.593576414279834,8.294517678564713,3.0658095075096723,0.18694880587089135,0.5056470842423991,0.05741184748748894,0.008843387410345896,0.22917559505226628,0.4851849120119385,0.30852632589884565,15.657077523581853,0.08871923977749319,0.9647762171203844,0.22474119360942255,0.14915641813236014,Content,02-C09
7.504384926203343,1.9878218560852474,55.03251412750782,27.799406828468655,14.554031868974187,0.2906369242731931,0.38287788991789934,0.27211356277176935,0.03503184504866167,0.6031476841532448,0.7771353148752052,0.44131771416097865,14.187083101845506,0.21805428326004694,1.7697675728252005,0.010999284305876251,0.5702745642405099,Content,02-C10
7.088880779364645,1.3920733447463416,44.37626980490596,24.91045352777721,14.243907494161391,0.2663468335094159,0.48961572011328536,0.20159550260022374,0.023947519403889842,0.6550806542768606,1.0101631514293896,0.482070513969165,18.195358055176595,0.07221582501660073,1.3198575197297409,0.08857379027926882,0.44411987673956294,Content,02-C12
6.7173213784818,1.3447457485522651,34.75674304246173,22.110627692825034,11.339719876636998,0.28283451113381686,0.5123147115499938,0.17730067491400367,0.020788474653299853,0.6767041844232005,0.7990880292039311,0.45822814026642783,19.289618879454245,0.15483679441696196,1.1899089541353032,0.041278530020728066,0.5243904922469057,Content,02-D01
6.095807048168939,1.6791642408242637,27.609260341640216,12.823880211016265,6.914014800253672,0.2637137366065507,0.607097589353572,0.15076768920394357,0.01604029457013479,0.47319585659905583,0.597111545896072,0.37755552164880546,19.11062047062711,0.1598870885404935,1.5192771522837702,0.18568409562634708,0.34174337758675427,Content,02-D02
6.333288551124101,1.6862816610050313,45.37135534533714,20.333135029764783,10.176310132512446,0.2558358739783588,0.4194363446397129,0.28521026617029654,0.026901764730171942,0.4539492589810031,0.545327568407145,0.38134445512712395,17.438784573753285,0.09139804824141429,1.594883612763617,0.11615587270030935,0.39551587525640824,Content,02-D04
6.766281997282323,2.1287236161118805,76.74333407198958,35.7897814327234,16.52688928122154,0.2269599915519141,0.4276731704044911,0.2119788757707847,0.028474409684325627,0.5929661990133849,0.8438686120210154,0.4184965111945781,12.182589157317858,0.10612049380238808,2.0226031223094925,0.08070993436608613,0.37321004873774205,Content,02-D05
5.768309342063002,1.4473653851280641,21.493324559861037,9.670618778801233,5.3166557109651995,0.2189682059220921,0.5314519921526848,0.13012545065769993,0.016993615547889054,0.4297551705134149,0.16488408328557852,0.2684108774140995,17.150719027350917,0.2849501480369909,1.1624152370910732,0.12246300944101235,0.31547340240317184,Content,02-D06
7.525907804959192,1.971080595405704,48.14112426967633,29.193338776220532,15.512833067665431,0.35229955552487346,0.43506952981876457,0.240036346941182,0.035556866342192864,0.6331758831158976,0.7470658814328867,0.38130280017582974,12.133681006296197,0.25462540879543916,1.7164551866102649,0.026641203189024507,0.6779579078607224,Content,02-D07
6.15530810141804,1.4577466002828636,21.64921663041963,14.10888232770633,6.796595169054175,0.4093594654817423,0.39545654750365633,0.20054074283523418,0.020536455504434115,0.34176102180596424,-0.14201556495698686,0.13851103142308965,20.548177670803938,0.3242582903020441,1.1334883099808195,0.1988422906729112,0.6198766402905734,Content,02-D08
5.32620404627207,0.6482188351838447,14.33962438654635,13.970763936343104,7.3979080494953875,0.3042852056203029,0.6193092178549023,0.16125346895971637,0.00995367607944832,0.5691173037698543,-0.1414024494929217,0.013769736092933,21.71084161470841,0.21698363315262004,0.4312352020312247,0.11377339322925095,0.49479701801135484,Content,02-D09
2.8019455992693794,0.986173798656,17.31150962831727,10.487396149191596,3.708858513267116,0.13165164640616556,0.5993310023989494,0.12632919089123992,0.01887374753553846,0.20765940019908924,0.7532308159722512,0.38489299258710546,16.037804894533558,0.032485604087152176,0.9536881945688478,0.1341990456796718,0.12910424713265933,Content,02-D11
4.910114536166326,1.2229735486549291,20.340284437553798,8.69874255265681,4.012598368051932,0.37674391766175264,0.35649793508077043,0.10921007356542857,0.016210747784265348,0.10783843075452537,-0.4901968123998516,-0.20782459842414658,17.530079515018514,0.5831151421825425,0.6398584064723867,0.15413857182368745,0.5993492634998179,Content,02-D12
7.288362253138159,1.8843644456545654,52.019990150802116,21.988372953420768,12.057513985590411,0.2557853974975121,0.41547822875002843,0.14262593365326798,0.024791205589056956,0.7066261713145645,0.7183165891721704,0.4365002132485985,14.969338120518987,0.13196771483118397,1.7523967308233814,0.043463802521250844,0.4681069924737734,Content,02-E01
6.42858863203718,1.357700005931223,29.400545557204183,17.35519404771328,9.119414123144448,0.26432914259581497,0.38682600832853203,0.20233017626103203,0.019143785261760873,0.5393366462060496,0.2513071266018716,0.20062871081819555,19.251871673287024,0.2467939248971689,1.110906081034054,0.04673233067145251,0.48192595452017745,Content,02-E04
7.1389069414233255,1.5439388359028872,36.686258223418335,30.389595559498286,16.22569605663682,0.3475267572713067,0.4980385224915716,0.24324534086853444,0.02933631431778086,0.517384651195911,0.6089168078268985,0.3982664187047966,10.674962941405198,0.19346748009497716,1.35047135580791,0.024104268681408466,0.670949245861205,Content,02-E05
4.438205528350726,1.4264854600800838,24.282884640827483,6.315758086945902,2.7109643018668668,0.2781897609583027,0.3674773998178393,0.08716600385079079,0.015852956306298994,0.20846573554133893,0.318390907934634,0.2626499756087704,17.723883012120975,0.2594028852186554,1.1670825748614284,0.19711521511575467,0.3592643068008508,Content,02-E07
2.9649984620198615,0.49183331787073437,6.991236074038326,7.429629597732387,3.1565466498497208,0.05791710327095603,0.5992790680615512,0.09357047805455229,0.009610803864360893,0.12467433751498955,0.26558951435774203,0.15927429008745572,9.84711446591495,0.026887166407619123,0.46494615146311524,0.081193181783011,0.03464102475890106,Content,02-E08
6.818429225118743,1.7014171982993105,31.693082944711865,19.535481781435053,9.449769944268658,0.3926575239604411,0.4010613884983242,0.26040192868637024,0.03188443278070306,0.5776239472311209,0.22998714445093454,0.23386602213118338,15.399172752103665,0.29358017875945563,1.4078370195398549,0.07779750864937367,0.7075175392715086,Content,02-E09
6.441576551947163,0.9097842041268986,27.29214241257416,30.261575912352278,15.161806317193324,0.2416185967901423,0.3298547729468629,0.11255095831721838,0.012211930194648965,0.4121732671353415,-0.18268797221026895,0.028938617385456944,16.830297776559636,0.4012636110259784,0.5085205931009202,0.11544675031147315,0.36779044326881144,Content,02-E10
5.9422639716348,2.3726470304538427,21.844539778257875,6.771980291700944,3.3376458628570727,0.5456661645815619,0.7130453814824782,0.17788540942937708,0.02425201042183039,0.19298005961645612,0.5142294733902669,0.4219030008676769,24.055282865238667,0.2319419429510674,2.1407050875027753,0.450422624254815,0.6409097049083089,Content,02-E11
6.227753573570652,1.361526622047192,23.82191396237396,12.38630531212462,6.902212038404542,0.30015530570362614,0.36102598346919734,0.19086977925290335,0.01887094803050385,0.44552349891045717,-0.5390278402945524,-0.07271508636610521,18.266645291732285,0.45317743225248286,0.9083491897947091,0.07301605796464065,0.5272945534426117,Content,02-E12
5.130974712520618,1.0712786378274028,14.521747886008466,6.931061587417399,3.7885536270097293,0.39746342866250184,0.5894385902566441,0.13754647099074407,0.01839157016047948,0.22494348840150266,0.0541530023943369,0.05072178049613013,20.422834430554996,0.255974316242936,0.8153043215844669,0.24011989129984587,0.5548069660251578,Content,02-F02
3.4123997530307375,1.081466841742916,18.583667544157052,7.301563771774755,2.6779573263365686,0.31472006495751104,0.5858944108207671,0.08869192822001358,0.015782073292027802,0.17640847740548907,0.8155105782172261,0.38208976863569577,16.448104916622555,0.15521561514317916,0.9262512265997369,0.44826834012478867,0.18117178979023346,Content,02-F04
2.9049046509512864,0.9322779179100795,15.383223083059077,11.654606449540461,3.450714628932971,0.30225446548121726,0.6448152091208614,0.20349218728549906,0.014427873289397954,0.19836287069678582,0.8303093217927494,0.38845842452513285,16.938001387107526,0.048123668704363354,0.8841542492057162,0.49762906646344035,0.10687986449899411,Content,03-A03
4.886429130713804,1.119282675661042,18.6010065451607,8.691427591145931,4.133803650997024,0.35365723939794413,0.3487642989175465,0.18804144046756385,0.01841033606802998,0.32378968108520123,-0.6791231018392017,-0.29347474574204024,17.89133109421652,0.6297932253727279,0.48948945028831403,0.12205896202583222,0.585255516770056,Content,03-A04
3.9974871896749824,0.8624680279157477,15.923691499493236,6.031761725055776,2.841197629038108,0.6823429882618527,0.7158725744437784,0.10753115022459787,0.020641932910400087,0.20366286574883324,-0.6747156325076183,-0.35192036693714235,21.554519816108765,0.30833209660622707,0.5541359313095207,0.6021326916591326,0.7625532848645727,Content,03-A05
5.630055439495495,0.8143881351291551,14.02866273858443,12.401802449825865,6.701943007922748,0.4376317946295285,0.4839898959560446,0.11755499138042154,0.011050661883327852,0.3215069171768412,-0.5093618547697529,-0.33978162326220634,14.603622963938726,0.33544540132225364,0.47894273380690144,0.5367901123064972,0.33847347695255986,Content,03-A10
7.257930351184921,2.056927011425058,46.11743534717801,19.3152310287926,10.045625413542757,0.32014916403284877,0.3999164155849093,0.16443105363170527,0.03368231087270636,0.7083125407580043,0.8081156476594502,0.4381603059820554,14.361713520212021,0.20603213703231305,1.8508948743927451,0.06081434853980982,0.5794839795258877,Content,03-A11
7.279787425410955,2.0698747261121113,39.377103427433106,22.161467888375483,11.444769623652126,0.305205184042366,0.37410315056160437,0.1343171969312626,0.04402361989426824,0.7537342520127441,0.9392966904207604,0.48103353614203814,10.602241853834403,0.27255601451695455,1.7973187115951568,0.018064222833346286,0.5923461452513857,Content,03-A12
0.21500266109781632,0.1392828192527933,4.261107029039369,2.7587396139728524,0.23325417864204662,0.19743555461962203,0.5743656500493496,0.01326029566304149,0.0013717547249458323,0.020125825785509345,0.1016311021173769,0.2105016727274039,17.061959112301178,0.04235714593471407,0.09692567331807922,0.3867874668186505,0.008083642420593555,Content,03-B01
6.338256584004398,1.2348645664074018,25.83275491781186,23.591092514464187,10.9318465798074,0.24302739130392328,0.47098080945945814,0.27110836379898895,0.018939216948153738,0.4989586961141742,0.4046547907786179,0.32755479697810674,20.982422987325165,0.14583635974039755,1.0890282066670043,0.01322974695802953,0.47282503564981704,Content,03-B02
6.096671713184497,1.666552887108006,21.175791748134877,13.189647206096115,6.087761558600576,0.4975445422223166,0.5560478532031485,0.3280345832516159,0.026572120198674068,0.164799408753634,0.058676402038548625,0.13402970691023114,22.211930902066634,0.20707228879653705,1.459480598311469,0.3207333315062178,0.6743557529384153,Content,03-B03
5.658373366479413,2.344926036827859,65.36181903301956,26.70103746344581,10.20887845550579,0.28070950230570646,0.48932321632582243,0.1602995596387276,0.02585396179869903,0.5196987809867609,0.6790855770133752,0.41137937198629637,14.244134236590465,0.2645175835284359,2.080408453299423,0.2317783584178771,0.3296406461935358,Content,03-B05
1.2729256002808151,0.43788219677606577,9.194033339905992,4.001384671841988,0.8342585493795276,0.1792689429350582,0.6003337142892002,0.03899418243910303,0.005258100565163335,0.08816294829262163,0.6022651180997012,0.2984172627843056,15.85805103823013,0.2670525387446716,0.17082965803139416,0.3076576807434754,0.05088020512664106,Content,03-B06
7.41872892740946,2.0613574754786192,56.17481396602614,26.774041293777707,14.63563965195,0.2623180244536527,0.36273865152796275,0.1613320106817411,0.03351376784065675,0.6613108837167303,0.8799573183879865,0.5014499103548066,13.068856641823189,0.2728008451131192,1.7885566303655,0.006806380182734312,0.5178296687245711,Content,03-B07
7.638041356707495,2.660489491280373,55.565807024277355,18.64708453035612,9.908820669578615,0.35641121759731487,0.42816275972138795,0.2654209903042535,0.03317925017207997,0.5808663213083735,0.9040143234696948,0.4917026998613729,12.711785773099189,0.24681555780177256,2.4136739334786004,0.03805259309229142,0.6747698421023383,Content,03-B11
6.094495562967697,1.5656696431576709,32.169839575360044,15.399593544600595,7.869687002633834,0.2453365187500351,0.4828505492392713,0.2019505074438043,0.01902875453701209,0.48403175173484875,0.7821140023902403,0.31526809567750436,18.405726704945277,0.2000767985881975,1.3655928445694734,0.1502451855902829,0.34042785190978725,Content,03-C01
5.302096898775814,0.6304826751932957,18.29426962845835,15.053976766434811,7.825295370173429,0.2632595199935387,0.5933095990252949,0.16138555055310813,0.009227013826078604,0.6017372954002823,0.3197867298982227,0.2326398505087368,20.109442198604015,0.12402440387958258,0.5064582713137131,0.10494224718263644,0.42157679280444094,Content,03-C06
6.1955154521344005,1.2888668203435465,24.806264790669037,12.6242915367247,6.934053126117172,0.342749240593928,0.37392991935505876,0.1849026839921412,0.02138815432492811,0.5459887228717125,-0.4490209983304966,-0.010714414845157061,18.342620694488666,0.48086428743948595,0.8080025329040605,0.0680350345121108,0.6174634466757452,Content,03-C07
6.540885259815777,1.3754150996993282,33.661191536503644,16.433720818627886,8.619653413956806,0.27588036658050835,0.3618574580293061,0.16950162237774322,0.019029399679155228,0.584587809298322,0.07182706104795522,0.2021473806840145,17.652030353428742,0.459249918840289,0.9161651808590392,0.030363123702748452,0.5213976094582683,Content,03-C08
6.7740038928761,2.4531289341414837,64.80775769826718,20.636927471320707,10.085788327246709,0.2841218909932092,0.3954132874258458,0.20758165285611116,0.036387371018752245,0.5358923415045024,0.7464978229185837,0.38016638989217566,13.859565137318206,0.15665589547812253,2.296473038663361,0.0840465194533114,0.4841972625331071,Content,03-C09
5.014578320414812,1.1473383052528252,17.49310234597381,9.333719513338709,4.442617471002532,0.3170933242430418,0.34522925319633824,0.1408494610083147,0.017988229471846116,0.22951849588989476,-0.4165802428619855,-0.13625204783899691,17.486319861242258,0.4736396910042462,0.673698614248579,0.10396528964195004,0.5302213588441336,Content,03-D01
6.415223986055499,1.3070141806376565,22.923574534739913,14.094880258449287,7.209256482921868,0.3904940053834759,0.38479001880144104,0.31883478620711614,0.026041101329232035,0.3198904092538216,0.06790523766358725,0.13656199404697708,20.65300873022418,0.3868916455300955,0.920122535107561,0.15879656933763267,0.6221914414293191,Content,03-D02
5.544705829227186,1.3016636771992651,17.50259367553633,7.607287799253634,3.913167448268174,0.4216069891535539,0.3777700075326847,0.13769384301252738,0.01826634354569152,0.29816800491934065,0.024656281222678544,0.003689292192827348,20.998769903241072,0.7339854941226793,0.5676781830765858,0.20987580160889577,0.633338176698212,Content,03-D05
5.855952414643576,0.8750536469103558,21.561374214066007,15.600440826170974,8.243928086559825,0.26125405858892187,0.3720181087190886,0.1845005081743002,0.012711123420018497,0.5369302922470803,0.14597796746426828,0.19134857857244938,19.71396003301016,0.27744068848954306,0.5976129584208127,0.0958377543154943,0.42667036286234944,Content,03-D06
5.454476526600664,1.6070426577166064,21.566983060204997,11.667398109508392,5.7976867184136776,0.257220667981025,0.5319617593537799,0.275011566223801,0.029265116818398065,0.3544709228195394,0.24171498381584033,0.31500760561747354,18.620558805530298,0.14006690067379424,1.4669757570428121,0.1510311473383158,0.3634101886237342,Content,03-D08
5.329560331846548,1.5176363145992138,21.813811343507172,7.960602212218478,3.906568736475179,0.33571484090051046,0.3380847075500645,0.13499032692646384,0.023042315219650767,0.17651976434661787,-0.3426779190604664,-0.01138302738061181,17.280008797907715,0.4732692761061603,1.0443670384930535,0.13162230534133776,0.5398073764596831,Content,03-D09
5.647740382689207,1.1540637459161225,19.731733848967018,13.914967915776328,6.30391731953474,0.3657148176798727,0.35999106184217095,0.11955662753858995,0.016702056935099324,0.1876822590246945,-0.0930238232002602,-0.07616455965923705,19.737886974062157,0.3661930875814505,0.787870658334672,0.136620637618527,0.5948089977412183,Content,03-D10
3.265593582414257,0.9887672381639625,19.04248965948056,10.818297542160586,3.825211604153313,0.29736371608790985,0.5550459585351641,0.12735408044103333,0.011975124471276487,0.27282651562278964,0.6719495610824375,0.3224494519992803,16.29210007167788,0.04144253874363457,0.9473246994203279,0.46512803372693745,0.1295993984488822,Content,03-D12
7.161345645352883,1.5469558734221476,39.32120159305833,23.844830370587538,13.341837583907383,0.30656211692401775,0.42472383708073574,0.2881425663863102,0.03061326620387201,0.5840398731707384,0.3750175700448582,0.3526600906914232,18.024636945766023,0.18499403992502295,1.3619618334971246,0.03155191778818271,0.5815723160598528,Content,03-E02
1.1755437755047995,0.4345090941693126,9.351630171392026,4.932138102327018,1.0465233188837493,0.28938416617181345,0.6373319968609148,0.05361031551144582,0.0059539876656640334,0.11429884021346713,0.6607487343796191,0.3025112079436145,15.565308828938369,0.13306868915204006,0.30144040501727254,0.542788300450258,0.03598003189336889,Content,03-E03
6.181697734527042,1.3757562335439975,27.22837377648335,14.65785396886701,7.942461896861123,0.24108490867351437,0.38525630750446993,0.15623060472732506,0.01700536842672073,0.5303377201469379,0.37233771103974744,0.2761258943081096,18.99406362779146,0.24282573661721862,1.1329304969267788,0.1067720834838941,0.37539773386313463,Content,03-E06
5.736847103319592,1.253327290998529,21.7749978665697,13.070461500490856,6.949647742564475,0.21783792700164173,0.4364769389173869,0.16160366990824748,0.01604349591194458,0.4568606588335785,-0.1204203100099962,0.2476665938245063,17.861561077113755,0.15466854177797273,1.0986587492205562,0.10763187614034743,0.32804397786293604,Content,03-E08
5.928301343835564,1.2837590823141722,25.017977692182484,19.496155553681128,9.25538694688211,0.21613937530378166,0.49042466101593035,0.2645990522744465,0.019688633178603376,0.4585826939299904,0.5811802135464066,0.3340571306847559,20.165288213548358,0.19323723575550655,1.0905218465586657,0.06011223480778698,0.37216651579977633,Content,03-E09
6.414113569919183,2.3826367702896967,80.31692505295442,37.38307593633339,15.994632048507468,0.22990338471138244,0.39554222608542544,0.16213596693213,0.028033016880999153,0.5604200061942617,0.8572568054147279,0.38792927253939863,11.6122797837205,0.1871543774810096,2.195482392808687,0.1281668025600434,0.33163996686272146,Content,03-E12
4.689989301379312,1.5771619998902873,16.69935946766222,9.518867002246797,4.207409047721074,0.2559798003924878,0.643824217426435,0.17552834874195444,0.019199339219892662,0.3190621499240674,0.8566631994735852,0.34825847924396997,17.484034658685268,0.1787867452606653,1.398375254629622,0.2888348108360552,0.2231247899489204,Content,03-F01
5.9460737661631775,1.329052235747909,25.096813746137432,17.093992385777604,8.243915444780654,0.21800472349497152,0.4944194273414324,0.24413986992012726,0.018866475248473846,0.45361791301985754,0.5655193381990141,0.35738088395821593,20.319980994953774,0.04487890468765521,1.2841733310602539,0.07729043748627089,0.35871900950367214,Content,03-F02
6.15577235615158,1.3611885892234579,25.813572892275825,15.17494288110654,7.774988507871295,0.2881761151924987,0.3873097204978885,0.2902686136604347,0.0269107415390308,0.38110795887799376,0.11188049079095408,0.22127504131504908,19.7314360252808,0.20253101084606762,1.1586575783773903,0.07920124595739232,0.4971509844276051,Content,03-F03
5.997932478217606,1.3222815503800422,37.382146229615564,32.605716133804194,14.417096348769933,0.21626258632295528,0.45745812967796373,0.2741783674924008,0.01871808220996369,0.36210972857535306,0.8126185541045202,0.34573022611514836,18.306550937048335,0.1972360080850315,1.1250455422950107,0.04864332578586882,0.38388184686004173,Content,03-F04
6.092302246138522,1.0771750001864753,22.478808853931103,15.697614401007833,8.314990674714851,0.21499470300069287,0.39925414774066736,0.24616601105450786,0.01781565031338719,0.5176927640904835,0.6287961388654717,0.3259592224502596,21.695852194136656,0.0325198595499927,1.0446551406364826,0.022232072341899025,0.40775733365948674,Content,03-F05
1.8415619969907202,0.6512605236828568,13.748494220544632,7.083515293363791,1.8979422821044079,0.3397401191883376,0.5816138592963914,0.08659357735065626,0.010254538849911699,0.16294885182301475,0.1368248586227268,0.29397813541879125,15.568976252347289,0.10832643472013626,0.5429340889627206,0.6115818846480482,0.06789835372862699,Content,03-F06
7.294337766921819,2.238236764963238,55.13571120279836,18.673929611967477,9.959050461880182,0.2819435550734405,0.43207764363882173,0.20504338659554391,0.03032380278724669,0.6533100032912156,0.7645340894910214,0.4500959681516759,14.543206472912644,0.25522257959179306,1.9830141853714451,0.05179805856522008,0.5120890515816608,Content,03-F07
4.250859337012852,1.1557806318849355,21.399740948600602,10.126212038963402,4.525727010496858,0.23189833336655047,0.5422264115799241,0.152961720220315,0.018685745713570224,0.24877532826162416,0.7636339335927,0.37021039752955154,17.13298713721426,0.09745099077649577,1.0583296411084397,0.19318439936187368,0.27061226737122723,Content,03-G05
4.318476976188935,1.4483316337415442,19.017427439271177,9.258857638383434,3.924837722838846,0.27062976463639943,0.5942777106861341,0.1960810524093427,0.01967701647002323,0.29759168135909475,0.5885850624434182,0.3661064334020433,18.377966416930565,0.10459620490236254,1.3437354288391816,0.32758559565830003,0.21367393361449885,Content,03-G06
5.664568493609416,1.3835685247979743,25.555670246629106,14.76239868522035,7.27697072554946,0.2464404305773335,0.5173673478247256,0.1922407636690863,0.018312814593832223,0.4395443862432334,0.3592567890638732,0.3282748175647038,19.797433357200184,0.10769840437389,1.2758701204240843,0.14189934307033616,0.3509815180843308,Content,03-G07
6.600503298921093,1.5926475948634469,32.2806611470369,15.734878097571723,8.421747277622453,0.28353981341200885,0.37647525309463087,0.1954479264911679,0.02169300967115551,0.5126102576876805,0.06239958064614404,0.13859054033445,17.712084547958643,0.41134407115399085,1.181303523709456,0.04749794192726508,0.5195816848967526,Content,03-G08
3.5054130318492573,1.0152947634030083,18.491395254497895,9.301494105351951,3.635098856516897,0.27272830928638775,0.5458891006751492,0.09727935701455512,0.012036441353609236,0.24669782624944456,0.5977557106327984,0.3018737150296742,16.572133122704766,0.11326764851549509,0.9020271148875132,0.38423398276090415,0.16122263581187135,Content,03-G09
5.592169618703775,1.3263014074012673,18.576538171346403,10.36409230657247,5.463876517220512,0.24751823303300438,0.3991422972691518,0.21549257924368423,0.02198176450436554,0.36606870185007023,0.3467369941089268,0.22162203790097948,17.890737541251866,0.2350957359058281,1.0912056714954392,0.11660178973313018,0.3784346763328786,Content,03-G10
6.365375031938915,1.5535814942440158,28.00508060780088,12.08305050643351,5.836889415687941,0.3719824667067166,0.35896543432905986,0.2385106236081914,0.026757370285514868,0.3843248352816619,-0.3503661435855337,-0.014784036581024174,16.78359184121885,0.7273453641875509,0.8262361300564649,0.15264936094558432,0.5913155724678488,Content,03-G12
6.200727618371173,1.8156046379881818,24.294945172532234,11.849004569346075,6.283830053865032,0.2952388946728514,0.4105355792577756,0.2717093204016894,0.0316609371890371,0.38626704074473894,0.12318905019892312,0.23139776338059204,19.787241232078593,0.2339542883662986,1.5816503496218832,0.08214777487260619,0.5083300144730967,Content,04-B01
6.682635814697164,1.4805839580331135,26.887070190985064,13.635231361959526,7.352641206989935,0.36536461365296136,0.40342451129172746,0.27098249003979846,0.024559454173031604,0.41397982885938545,0.1825877195091598,0.2276998936074985,20.384906377993754,0.2523078131707184,1.2282761448623951,0.1429539499772638,0.587775277328659,Content,04-B11
6.542159256405515,1.361123957409239,28.951444097577323,20.018455211401935,10.381710981178285,0.3181528592938981,0.40789187002784616,0.17509252051142185,0.01916335187226241,0.6323373930839123,0.2583988443594143,0.2859513103430617,19.316169188731205,0.24919392489434244,1.1119300325148966,0.05463114229494133,0.5816745762928548,Content,04-C12
7.135598363765045,2.033950068586723,50.81290888614707,17.47497668837642,9.187845566239533,0.3151241124971095,0.4696004704849723,0.13357604140990095,0.027837837785512604,0.7219764438528872,0.8454901043565836,0.42494421188705434,15.146772033888475,0.16825548029119375,1.8656945882955291,0.09552807962041569,0.5347201453738033,Content,04-D02
5.229223240973407,1.3032498850302208,27.88818945159905,11.771509327270252,5.70187730235596,0.24872970013244278,0.4204636514378044,0.1915025042862606,0.016402353393760106,0.33511744594474113,0.0946350200383071,0.2969490629729898,17.295182142384732,0.20789621829433358,1.0953536667358872,0.19214833782932392,0.3053110624355616,Content,04-D03
6.835788991380728,1.6684536174003544,38.34347926465941,28.714564587092696,13.885346936089594,0.255554577983432,0.5159757848076374,0.20042370803616824,0.02295288339836312,0.6435527555520737,0.9654285684346555,0.4324376555056596,18.606403923371758,0.22591847315024793,1.4425351442501064,0.0463724485533176,0.4647367074135464,Content,04-D04
6.178265313895569,1.2827052822660239,26.19130545092542,15.574425694349333,8.390550194473889,0.2469528729918467,0.5149410825210118,0.22504895003703493,0.018981350535625215,0.5083030403483605,0.4670427827583296,0.3645442674900169,20.882645221584188,0.063738039459043,1.2189672428069809,0.09962410501154294,0.39428164097215046,Content,04-D05
5.532011648720379,1.4055943354596963,24.55856996549193,10.735308598060211,4.9644901488988085,0.29533064017989014,0.36422630094563585,0.2525311994962842,0.021285751156409127,0.2469762191886875,0.4108118794801367,0.24507088826664553,18.640086417342545,0.261157385025804,1.1444369504338923,0.15583053326847288,0.43483074709130737,Content,04-D06
6.426303435268807,1.2587961311841411,25.066391856931336,16.16743444389072,8.611997475489034,0.35312227481004027,0.4031026436247327,0.2659279185216638,0.020452966163240868,0.4107738438086404,0.27454758975441235,0.2536248672783881,21.138309069137744,0.25003671210269296,1.0087594190814482,0.13825594629603943,0.5679886033240411,Content,04-D08
4.969202545077556,1.2498934272452509,22.13515925204605,11.065434676366625,4.9337861619555765,0.2567279500101739,0.3632237840407017,0.19046762627450856,0.020890840953026204,0.214208875419451,-0.11958918169377092,0.1257722783768034,16.22885389534912,0.28373793547134163,0.9661554917739092,0.12521627218796885,0.388239627832379,Content,04-D09
5.729865026046884,1.3788465286159894,22.839954934310143,7.733476079347921,4.0153658179697125,0.398865082765436,0.33789191306120353,0.14412848202527903,0.023683571742683016,0.21474284203354368,-0.06602534053813464,0.04510312279483619,18.819008847069078,0.47492911610523336,0.9039174125107561,0.24694616514299714,0.5507840003878748,Content,04-D11
3.6622891888105467,1.0937775278545772,21.244159244938665,9.01296345071043,3.53648207874218,0.2372419281093599,0.4232720256701197,0.1393229802559643,0.01879961821548698,0.1608872091724814,0.12026252593239162,0.24633003720101063,15.488080579186821,0.1641201039434108,0.9296574239111663,0.2740942279554991,0.20038962826322068,Content,04-E08
6.767386512244711,1.7944383541068234,31.94806311293751,15.951377931475829,8.033159145004376,0.3615075617664989,0.40068253280410293,0.257976669197832,0.02497092355315696,0.40426661082638726,0.19905185502130163,0.18282783194875113,19.173497225039824,0.3678093642153861,1.4266289898914373,0.10095166658341531,0.6220634569495824,Content,04-E12
5.6285955168146655,1.4979576554538543,25.658143515875903,12.046280513086158,6.0047162207692,0.26130301552774343,0.5019164053031007,0.2207872184301895,0.019915949390503125,0.384409785739064,0.28222675783855267,0.3204465719468792,18.91812246209461,0.15785251940342349,1.3401051360504308,0.1736996344958098,0.34890639655967703,Content,04-F04
6.924286863372119,1.5844545251020605,40.2852557987143,22.93496468368802,12.429337393440797,0.2605592928223053,0.46716327784411793,0.1913801715903952,0.022561452752661144,0.6237487031783948,0.7689817928484708,0.3717792884545409,18.429775929549187,0.1442751555694901,1.4401793695325704,0.043514698890392646,0.47760388675421794,Content,04-F07
5.964689439338421,0.927576841223491,21.33166356539405,15.88601263866016,8.008875394120288,0.236381087391635,0.37494374122032326,0.20978692885413994,0.014947293760653318,0.5000493928056086,-0.0034500593072673835,0.17436603069275092,20.2660054638862,0.24372125928712052,0.6838555819363705,0.02417277070613707,0.44858940407713294,Content,04-F10
6.147027704859342,1.8461160628590978,25.82617957240253,12.641593711015519,6.267088934413111,0.27335780223792033,0.3993781441718236,0.30532411628536543,0.03202357089892501,0.3438292082753127,-0.03824080054774459,0.24570780764209274,19.35169082843851,0.1954354592031926,1.6506806036559052,0.066060796224588,0.4806548082512526,Content,04-F11
7.166463331167168,1.8675396696087248,36.659986607359485,21.06971333586189,10.913042818160344,0.35269149613568096,0.42310172821466546,0.286051605290389,0.03536306824411776,0.5548271763190871,0.5088895883144228,0.3860507997138064,15.755477622495311,0.3179208362764072,1.5496188333323175,0.014164405894998613,0.6912185863763634,Content,04-F12
7.307698270105481,1.9319661434267683,40.633050502322,18.546513695940163,10.083351941300842,0.33717839365740604,0.39989964466353206,0.2111588562773687,0.033300980462888964,0.5541313362627875,0.4438501997065968,0.3448007921117656,16.25358608761031,0.28542649389912356,1.6465396495276448,0.04337741893663814,0.6309793683781739,Content,04-G02
3.731860654614685,1.1445907532045663,20.307734891206863,7.159505893489148,2.7776968586546116,0.30332381613768966,0.5089429794182196,0.13601310568192462,0.020793494556023775,0.22580836369469892,0.46940119304181493,0.35935316873707346,17.038997908750332,0.19707133121253406,0.9475194219920322,0.3885286884654449,0.21811894380993443,Content,04-G04
7.572767779949578,2.1117012772401846,53.30228922115053,25.922706990433014,13.820047585720875,0.32463817939083595,0.39647462612056716,0.23060488286153805,0.04321395990677885,0.7172321760957923,1.1452443000247503,0.5336559584702028,11.618797131291439,0.2294071117339218,1.8822941655062628,0.026923018054259697,0.6223533407274122,Content,04-G05
7.18479398495114,1.9661728497661404,55.145420666245286,30.555377548503472,15.02213671335314,0.2822955114989787,0.37992424387249096,0.2864277100812033,0.03355859416616475,0.5638469774536939,0.6917143301287859,0.3849925486619048,15.022425295803563,0.27761144109007674,1.6885614086760636,0.03495000447929729,0.5296410185186601,Content,04-G07
7.7956497544095935,2.361032622067757,68.26196907040534,22.016546919593893,11.476468403587683,0.3151402121049583,0.35291472584580386,0.2614244345120645,0.03986912226480233,0.5930642102328532,1.013188918004721,0.469660160864895,11.048427685924926,0.2775540300917978,2.0834785919759593,0.03949960557446519,0.5907808186354514,Content,04-G11
5.569549761108744,1.5084058545193173,26.04059032763479,10.287935620390321,4.861151469151604,0.385159287604209,0.11416860809518994,0.10118018274560009,0.011424078681247797,0.20404843219619948,-0.46285114863523136,-0.3784769473690666,14.85547469097472,0.8043881954343846,0.7040176590849327,0.4319610737180098,0.33835750149040816,Content,04-H04
6.642336015833485,1.389397890787718,31.272158169041543,18.13706212565315,9.435838736913231,0.2712907395781265,0.39204623082237744,0.2411979514056527,0.025158874070716212,0.5348367488227027,0.017870509514782085,0.2063759082692404,17.870627827478035,0.35370903405342347,1.0356888567342946,0.04052709021103449,0.5020543889452185,Content,04-H07
7.040527674910855,1.554660052516052,42.63446459837816,19.186654251324633,10.088964893187889,0.2674204648202029,0.3763157410241649,0.23442492045934002,0.027070552907575804,0.5652049822602291,0.2171150543987796,0.2828495280392884,16.75644886646039,0.32197968526506315,1.232680367250989,0.05047723766919543,0.4843636919712104,Content,04-H09
7.396037668210276,1.58826235757315,42.33883242288156,26.38877206409003,14.17879123918997,0.2844788489155793,0.43250900485424343,0.1261876848459927,0.029152651532328155,0.6608561048439215,1.007109185433391,0.457792430933132,13.283837771194767,0.21288147432615823,1.3753808832469918,0.05217195134818618,0.5167857464829724,Content,04-H11
6.123347477704888,1.8143969549566794,27.48535426753369,13.821958024729634,6.546669827994999,0.32487499683707505,0.3580615212806073,0.2064451888096909,0.021919536040320767,0.20981613113907016,0.2820603917229325,0.0744951104520894,17.924850872743527,0.4451149879661962,1.3692819669904832,0.12914759643551865,0.5206023972386314,Content,05-A02
6.119900156937662,2.039565107757129,29.112921754940462,10.868395506025223,5.565183890694729,0.28898194574857766,0.401477787832772,0.25064128614084547,0.03146598514696917,0.37190171132987443,0.1470049435929246,0.24182864559007589,18.940817850162716,0.2596430343207814,1.7799220734363477,0.10955886815351501,0.4684050233436403,Content,05-A03
6.534138506125132,1.2721576260855816,33.67494008550978,19.615165612365654,9.88682302552574,0.2654331593867707,0.48582001720853407,0.1997975220117201,0.015887794161682383,0.563565504968821,0.46281091908383554,0.2795447093824576,18.86958598639024,0.28487716467978075,0.9872804614058008,0.0839060791535954,0.44696023961994596,Content,05-A06
7.078289160074986,2.427716940211413,45.70013653196831,27.01941930552622,12.37219981167203,0.37623606160252976,0.4604662864234247,0.3914175019445397,0.0362276689529483,0.42042353123463755,0.778452280387877,0.32066848452064733,14.039235983672974,0.4199953640978311,2.007721576113582,0.028586034110975454,0.723886089094084,Content,05-A08
7.299175376910929,2.084045910193989,46.209493406544055,23.86489272680807,12.284239730723815,0.34355420596109676,0.4342367265129231,0.27984581525048147,0.03363500295612973,0.4828575072143463,0.3382169700835376,0.32330828534452166,16.22589306062667,0.28424810957233504,1.7997978006216542,0.0630788570113267,0.6240295549108668,Content,05-A09
6.401463778156748,1.6867938529401076,25.330096212391734,12.18674878072421,5.99242727259266,0.36233130891174037,0.3055403174475042,0.27329966019389224,0.02554618609914076,0.2448296352056607,-0.15582590752373998,-0.021120985971063322,17.587727799704957,0.6407363970492597,1.046057455890848,0.18145120809851586,0.5432114097249648,Content,05-A10
5.78771913493202,1.2332238255383015,29.651527385906085,19.221529196170078,8.939616667998832,0.250920189010152,0.4904146707514972,0.24384372892270084,0.019596180039472118,0.45279174742544737,0.3998582394344543,0.3652791999727582,18.75425705653937,0.1892563475925222,1.0439674779457793,0.13405768148813033,0.3677826965321737,Content,05-B01
7.105439792197542,1.9420092915935818,47.213915233507926,23.22808923229797,11.78304885310778,0.2759446348740019,0.38580218496344126,0.2182002188052761,0.026203049097426257,0.5673300818867962,0.4950884712492134,0.3137405423247446,16.219625912214813,0.24977719638834905,1.6922320952052328,0.05188476682170913,0.5000045029262946,Content,05-B02
5.4102672058541605,1.271986668018318,22.886555710807606,10.303922622049633,4.91793356659099,0.3463194652825054,0.36779793092145774,0.09819328486295859,0.018855964613329192,0.1475725376174617,0.1305370750256209,0.10382706713134565,18.113363415193696,0.30647144943153215,0.9655152185867859,0.1916974549389923,0.5009414756260185,Content,05-B03
6.906724881341267,1.8105595952321831,40.567636070202255,27.893678455511154,12.813805160131237,0.3300056393089151,0.4377157626231924,0.2631895310248454,0.028113308587522794,0.4346716835360949,0.6747536504344787,0.35816334600356126,18.66053228898402,0.2273970978678399,1.5831624973643432,0.111567049062276,0.5484442295555542,Content,05-B04
5.818435512269187,1.5538979776182993,38.92710212739677,23.27189371074102,10.823175182920512,0.2455826767211368,0.41482693085920297,0.2551221367771735,0.023061741433366863,0.4107904708239957,0.760261156878883,0.38311153211649257,18.636868580940174,0.09164276739241561,1.4622552102258837,0.1244146918590483,0.3667506615832253,Content,05-B06
5.749917066226928,1.796046157871789,28.493557085632304,10.489620701718671,4.763583758898289,0.3008380245331584,0.3217401718637333,0.17879794393007326,0.021716495783022132,0.20043792760265822,-0.4038006568616136,-0.12728917348871369,15.699337598739554,0.7586885123784821,1.037357645493307,0.08847547194955942,0.5132005771167574,Content,05-B10
5.161273771960364,1.572330054599652,23.14854255083044,7.006038359458372,3.5161334454716693,0.333831439774715,0.5687861354764323,0.0982850703095899,0.01840258507221734,0.10304870778947449,0.42247860005266735,0.1761445270567267,18.842696582172668,0.2555938625703771,1.3167361920292748,0.19323530201375774,0.47442757753567233,Content,05-C04
4.469407553323156,1.4010343630208961,21.475616501492887,9.249084346099147,4.262442072028206,0.23692636463982525,0.5271665878173184,0.15231208323087886,0.02141868071709328,0.32386295074076915,0.5098729552094898,0.2865450874611401,17.463786209446187,0.08645617360854096,1.3145781894123552,0.1936063232157674,0.28024640606388307,Content,05-C06
5.614244361766272,1.4089307404254274,20.708032074674822,9.176851240411247,4.658586332101109,0.3666734607982062,0.37655942554298777,0.20060803405475597,0.02156006898378833,0.18690829951003043,0.09670611488333924,0.08412277862960937,19.659124710998288,0.2971195280726082,1.1118112123528192,0.1842199624369325,0.5491269591594798,Content,05-C08
6.675330096506194,1.6380387853798766,36.020469256587354,18.958513402357436,9.85014245888496,0.28467093078720557,0.4167152610252165,0.2368766684350031,0.022349915430495942,0.5766813347190047,0.5192059326919614,0.3535422850366168,18.81523295155894,0.16393455122462264,1.474104234155254,0.02660736300531035,0.5427344985691008,Content,05-C11
4.912262911878976,1.5122128224534244,22.05728439072396,9.627173618016355,4.7234095717612075,0.273522820567579,0.5112363362354752,0.2308117181936458,0.025497624325522765,0.2916420218122854,0.532475603588582,0.32753939622545847,18.345183397560167,0.10287769904085842,1.409335123412566,0.1947198155913755,0.35232582554378244,Content,05-D04
2.476891500032595,0.9281170169479243,15.63841098560187,5.996126343992732,1.9237768363899899,0.19265771528250386,0.6285264918304677,0.07632371607110237,0.0139503106592047,0.23835470301839665,0.7484592452293628,0.44136839511502457,16.229187460751124,0.09202966658400236,0.8360873503639219,0.2763200884305619,0.10899534213444581,Content,05-D09
5.867078828206937,1.3036055177491566,35.93610421372317,27.81835008090397,12.789161961507086,0.22414136152647007,0.46770672811723996,0.2964784467571301,0.022343298224888817,0.425435306000773,0.7035442672037041,0.3735643812014563,18.59753086166669,0.12032445745049891,1.1832810602986576,0.0765234478131049,0.37175927523983526,Content,05-E01
6.727968711777195,1.7967533279453987,47.166143606418196,37.71747511704888,16.43541124282037,0.26022532119057323,0.4585689294665579,0.29719050794646307,0.02469093504172499,0.5441896005069784,0.7602724235903509,0.40802917356818647,16.528817129050754,0.2059781665307101,1.5907751614146886,0.01985632104417591,0.5005943213369706,Content,05-E02
5.666849701473849,1.6634056001563788,28.773050829549508,12.7273936816315,5.765946035719365,0.2719514704877697,0.33453973062370007,0.20993923566893297,0.023332446810831266,0.1643633847343921,-0.09110159548210828,0.06359325303938029,15.502848951882706,0.4060182990013086,1.2573873011550702,0.11194009845163494,0.4319628425239045,Content,05-E04
6.7194214323916865,1.269774462578713,33.09546985593738,21.439403471637476,11.589184067638449,0.25590525471124215,0.4045158152964989,0.23374116974065273,0.022899323205051746,0.5521621283707614,0.4490148739540335,0.31361337117707977,19.070971416864467,0.17643726031127294,1.0933372022674401,0.05242288810162018,0.45938762132086414,Content,05-E06
4.739039973836184,1.246407048076538,24.805503794089567,10.449787836052279,4.566738230428609,0.24236216387683085,0.3337377145710389,0.2002892719925633,0.020395849263836318,0.21854354617697105,0.6500792211834654,0.19916657394377613,17.13415792934296,0.3193628923570415,0.9270441557194964,0.1678278692310969,0.3168964585225648,Content,05-F05
6.427511022766419,1.9072575873031248,28.267373381664015,13.984712077319074,6.738923067814069,0.35477131142741436,0.4113216024901823,0.2354944653679165,0.02519578956692539,0.31167814268381144,0.46251702041516335,0.2381214055288166,19.88186049488667,0.37041170994894657,1.5368458773541782,0.1209010255047065,0.5886415973501222,Content,05-G06
5.309695298171787,1.5094078858396536,22.252134326514284,8.099964906225832,3.9854341411286476,0.3304845904530651,0.4672547993648097,0.20650266890431274,0.024518893198864838,0.2126780860608869,-0.09860582462267103,0.18290732784162705,17.959516963380914,0.39482078469473336,1.1145871011449202,0.2085289653957828,0.45244021551034735,Content,05-H02
5.368255859727272,1.3265415990683511,19.6813227981436,8.769991480901814,4.381830521527508,0.3483187548869495,0.37445078489123584,0.16986977776060733,0.018922717814843695,0.2230667185220505,0.21330757279303397,0.09992310916286032,19.41513808568479,0.33515999957180576,0.9913815994965454,0.1624441129799681,0.534193396793931,Content,05-H03
5.32121512456849,1.2761989768392663,21.67448906002409,11.493954433940043,5.286057874274806,0.2850045676263125,0.45807949884949045,0.21787667183580925,0.02180564454064294,0.2205957560295936,0.34566579059478786,0.22401086590696515,18.045815170962584,0.2089606621958815,1.0672383146433848,0.15211405594888575,0.4178950793037392,Content,05-H05
5.612171509141614,0.9921787709490051,20.265329583884704,18.94918944618936,8.64561316287248,0.16758451093196872,0.4607907327029228,0.19736248499434028,0.013266020775087073,0.3529752943773328,0.2673532348967034,0.21553751135034627,17.625928765367398,0.24049352879891117,0.7516852421500939,0.02902826734227241,0.306140754521665,Content,06-D06
6.777332245110327,1.469870261012689,38.04613470500047,26.22123503037193,12.953596275506941,0.25696200314678014,0.3675777775260383,0.11119740556089142,0.017166372266409075,0.603759109048548,0.3146514238800263,0.27241157928854365,16.879982887858542,0.31315455353761656,1.1567157074750725,0.06127380394833012,0.4526502023452302,Content,08-F07
6.780265724623437,3.9953594195511517,28.456447286728814,8.12384000114336,4.0303761797950814,0.5089713808026138,0.6480812505445313,0.7582790697806653,0.07603906035015348,0.08839137851391006,1.4135984677090254,0.49243846762149746,14.142465498344798,0.15221568505431193,3.8431437344968398,0.05614105540841805,0.9618017061968097,Structure,02-A02
4.90646124251729,0.7069609609941967,12.354905912069183,9.189174396598796,3.8376706612293483,0.38483065750317824,0.5931055540551846,0.16904642018677254,0.007061863627752796,0.17490122297438454,0.41660297496487136,0.2686126443442845,13.310838372436764,0.17280175010879262,0.5341592108854041,0.09457223424406384,0.6750890807622927,Structure,02-A03
5.96814646364827,2.937257338280819,16.367926392089643,7.789558506531645,3.9992182947664427,0.5258835687156691,0.6562448702148231,0.6033192545840864,0.06982747039266264,0.11318439336987116,1.0201007850775414,0.4933346187646356,18.422867651326243,0.10607102255592693,2.831186315724892,0.10762782932890284,0.9441393081024353,Structure,02-A05
6.9138723775508435,3.921749064906072,30.852758733478055,8.312682109220741,3.970256869505743,0.5051947382300431,0.6087336840187227,0.5520602125231165,0.06159173051195034,0.14691824107811308,1.098328881427367,0.4584342701555419,12.509991067727599,0.14595937165026385,3.775789693255808,0.05995067696283495,0.9504387994972513,Structure,02-A07
6.430887940432079,3.1446112378772124,22.08261059500348,12.116618111956615,6.494728736514132,0.4705324414546296,0.6155808955586715,0.7691006988808586,0.06625970922731088,0.12780367986589347,1.093438550300113,0.4990127794363341,17.617179415213783,0.04715768651490926,3.097453551362303,0.015178406325706653,0.9258864765835525,Structure,02-A11
7.071888119814293,3.6038055276898078,34.307137496812736,15.848021613289367,7.8744976187510485,0.49262846192599447,0.5759951415207788,0.7807162697956169,0.07557947673168558,0.09047252017963071,0.972019614755458,0.4926500096832032,15.438844259573557,0.13506038395116526,3.4687451437386425,0.03652957402455458,0.9487273498274343,Structure,02-B02
6.540900424601459,3.4378501571501516,29.151683699348876,9.939308889247531,4.344978063834905,0.5086046627572524,0.4955636697335156,0.6181850139932126,0.06531864847067796,0.19216433688979992,0.4045143557751056,0.4047667208032738,8.705288458330632,0.4073382625448545,3.030511894605297,0.06795839401722356,0.9492509314972811,Structure,02-B03
7.121956741520167,3.202367606858015,34.94356411134923,18.09380847693677,9.349547500662856,0.49637315237638363,0.5639280288427156,0.6782155381553698,0.06607156450867394,0.13447806356017397,0.8567163548015855,0.47028510584363203,11.342300044214586,0.16708607633071182,3.0352815305273033,0.043605277967427074,0.9491410267853402,Structure,02-B05
6.680338961305557,4.041008900929311,26.383967735468545,8.133160214345885,3.72974320283653,0.5244745307449586,0.6451577234825302,0.5969697984182644,0.07097246509905752,0.12693211315915215,1.0122997315453617,0.5315736024508336,16.457572413612315,0.12323682626559496,3.9177720746637164,0.09728982549535282,0.9516592359945645,Structure,02-B06
5.6969991837271685,2.32395967739107,15.733089774140334,10.641961373615915,4.177705519719471,0.5032681160960448,0.7225407219074483,0.43979234952483254,0.03567517395369683,0.15594431174994652,0.7302018512581085,0.5632112821487644,20.11541346712408,0.2950034029189226,2.028956274472147,0.08935998502104797,0.9171762471710417,Structure,02-B07
6.644509777860656,3.6303310414529797,25.54442302222428,7.991539839861681,3.555203651686988,0.5778758548809922,0.5007139878595889,0.534780632954664,0.06977357352490623,0.10039032835751091,1.026608651647209,0.3620722999053364,17.98893501304248,0.2617652440809266,3.368565797372053,0.21268966541875767,0.9430620443432268,Structure,02-B08
6.60310989702251,2.962192693710847,26.715295243185487,11.79252190649649,5.2837543101947295,0.520065878629946,0.6831635505997888,0.619804354288338,0.053023860517976515,0.1704757767229412,1.1578369295852902,0.5678776405580759,19.41716497528416,0.306984567612556,2.655208126098291,0.13195711622036135,0.9081746410395307,Structure,02-B09
6.558026896240138,3.4868727493675564,29.450648534143067,12.404662643137419,5.917374714782915,0.48334682176470434,0.6234272957489436,0.738507750650916,0.06522355429029014,0.07831891773906716,1.0678507488468978,0.526292290211263,14.682818281057061,0.14657919615683568,3.3402935532107207,0.013009379667119155,0.9536842638622895,Structure,02-B10
6.131186821062067,4.359989309723002,17.609762546945387,4.425813871759676,2.232407572263594,0.5132461405535993,0.7241512773641872,0.663978028908561,0.07676736766096715,0.0756453293223285,0.4219814588990524,0.6526867476268337,16.23326195629645,0.19637542666372454,4.163613883059277,0.06860316859503209,0.9578891125121666,Structure,02-B11
6.108821150789012,3.2436698860550344,20.47887495413944,8.464676254678693,4.281217459879872,0.5160613522878952,0.6305760639064786,0.5320037528875635,0.06977813023896003,0.08252011604510938,0.9805837262081217,0.5187924422791695,15.330834911507038,0.11789449337438107,3.1257753926806533,0.07498761462093677,0.9571350899548536,Structure,02-B12
4.970937824057424,2.265346016073469,8.68016213290099,3.4014651867003036,1.3860748669803036,0.5963563046089291,0.8001658527740112,0.26704777770595234,0.04307552003573403,0.1230500883150884,0.7682384305024421,0.6074614392303465,23.67546506773605,0.3921945796383941,1.8731514364350748,0.268652969318446,0.9240596398994121,Structure,02-C01
6.352024380863774,3.4523930110357703,21.36025815929417,8.929840668435519,4.3388628257399,0.49775828738421884,0.5885792679472625,0.7140882899414075,0.06785662450736192,0.053287245109745675,1.2477904752816729,0.45808226534642527,15.159358060075558,0.1473793963791934,3.305013614656577,0.0382503687198531,0.9572662060485846,Structure,02-C02
5.42933865379893,1.3940201575399183,14.599747107289355,9.54516581547398,3.8352483452399895,0.5313176656058891,0.6679891383599355,0.370812940685517,0.02914242906391315,0.12873163479470492,0.7612613802867775,0.4818778917909311,18.073540668934324,0.1650597176491111,1.2289604398908072,0.18356244595670557,0.8790728852550728,Structure,02-C03
7.172841933687967,3.2227502802244032,43.606756666008124,13.822148126626098,6.792484630760614,0.47312855981626134,0.5267796700276202,0.53024415345551,0.05478952681306876,0.2117011228640376,0.8457224074026489,0.39960543336161997,8.174839579238274,0.09613080327572021,3.126619476948683,0.030896907254520316,0.9153602123780024,Structure,02-C05
5.801473092614476,3.595781307983403,14.361099052573374,5.0032147779845015,2.5063242241599473,0.5246848480034446,0.6963175643558264,0.49600608200422164,0.07187437892544077,0.11196454863468812,0.4897831514806942,0.5613447700748576,14.604223143674751,0.11473643043431103,3.481044877549092,0.0861610388089971,0.9632086571978922,Structure,02-C06
6.869573429679516,3.17189574087193,31.57342198228293,13.39777122705705,7.006650049240904,0.49979297973891024,0.5923776734654377,0.6992697275924018,0.06991947333928153,0.16482922939397346,0.970732088307074,0.5330475383902021,18.11849195882367,0.14834050883491479,3.0235552320370154,0.07533373192818221,0.9242522275496383,Structure,02-C07
7.015352803726402,4.3094559953319695,33.24388332101793,11.193464530051951,5.106489143496205,0.6277470965114378,0.698397488748073,0.6069154756839623,0.06626398892308727,0.13881304687396093,0.9703078766875578,0.5447869729640126,17.51547772836403,0.10219001754985335,4.207265977782116,0.3082232135484745,0.9472709794744012,Structure,02-C08
6.117786161142967,2.4981102413737393,23.54292639769731,7.333050228341401,3.131421623623195,0.5421483250626175,0.7154071796692232,0.3395456214176942,0.03534919143899846,0.18606101019310553,0.9657057710502098,0.49425844090362553,18.32525408557871,0.355515656469894,2.1425945849038452,0.16747495747269175,0.9168216926525432,Structure,02-C09
6.613146820048243,3.478036042120854,28.321867687711542,11.05534259857343,5.319510159751136,0.49836939047430895,0.6083510663154176,0.7409727544344619,0.06872776976095336,0.06101978562611919,1.1245359864761753,0.5182495810842248,14.170485680214313,0.12967326466192475,3.348362777458929,0.03682620132772048,0.9599125796208974,Structure,02-C10
6.774974873418213,3.529995274051446,32.115854114391375,11.882735863773911,6.582648319160914,0.5082177025073782,0.5968876232997203,0.6497061161169098,0.07253347926378464,0.207840224913685,1.0824192470925362,0.5070275340739502,16.978147700066312,0.06148099209801572,3.4685142819534303,0.07610127341346558,0.9403341316012909,Structure,02-C12
6.524187287012813,3.7927758785770074,23.836438957612213,9.242891111637714,4.354705068963544,0.4968343879313013,0.6634478701551604,0.685698431479374,0.0709919200495122,0.1463698997414741,1.1189108273540886,0.5709958596622899,16.92938177164286,0.1046337329280913,3.688142145648916,0.05009193768791599,0.9435768381746866,Structure,02-D01
5.991447805129049,1.8306182208688657,19.976644254317268,8.609593245234947,4.435054506028711,0.4759519407891206,0.7211752460366958,0.351164260309017,0.030767095836101967,0.22192352177029645,1.335017213014701,0.5441677578468317,17.437058913479067,0.2422391711166938,1.588379049752172,0.06575950722854657,0.8861443743496946,Structure,02-D02
7.006251793650959,3.390327970459083,35.426180604780285,12.381232083572982,6.625448959491097,0.4758525581399586,0.5595833686951407,0.746695095379774,0.0687088041788189,0.13392708051486182,1.1179972198566293,0.5030435608297953,16.983302574664567,0.09173056100549104,3.298597409453592,0.03142357594526039,0.9202815403346568,Structure,02-D04
7.3144969063242335,3.7163811380707426,39.95273220785206,17.086948825490683,8.306731342560582,0.4713774137343957,0.5961901568182952,0.7801890618461852,0.06641446435366691,0.1372135780151317,1.1399871955438132,0.4695400395805859,14.117207354677719,0.10760812410348386,3.6087730139672587,0.008268836366478025,0.9344859911023133,Structure,02-D05
5.558880499345154,2.029163622883532,12.462623157956964,8.572117478535773,2.8563727237928087,0.5045389970136938,0.7100044787103268,0.39969008641874165,0.03922937927479929,0.1397746326552681,0.9563534867193013,0.4988024190408166,19.047689412090914,0.26370152570758165,1.7654620971759503,0.0865597681092791,0.9225182259181084,Structure,02-D06
6.659531204304229,3.43459468318855,27.791265414149134,12.225050697019647,6.138390405313195,0.520020275108217,0.5934519542593572,0.5689157046038041,0.06648297254106225,0.1255728689919041,1.0416095885651155,0.4321527395528515,14.460107306449565,0.13283390772212478,3.301760775466425,0.0813285677675214,0.9587119824489125,Structure,02-D07
6.414122802423355,3.892625698398623,21.515889072809323,5.8759288818899575,2.9326329805642226,0.5443836356538403,0.6976520113989368,0.46745742388501826,0.06934418308431896,0.08437289385544376,0.7586322573775489,0.5462299100290046,17.00237820769355,0.25030571324768935,3.642319985150934,0.1376341764578251,0.9511330948498554,Structure,02-D08
5.704359538256735,3.6213346787179184,13.647008765216585,6.68668165088204,2.6494026890309157,0.5186300211474626,0.7472097214047384,0.6942005790060484,0.06994796304179564,0.14889033714304115,1.0010788289977042,0.506894200999105,18.577953914507475,0.1568783708904231,3.4644563078274953,0.09404991684981301,0.9432101254451122,Structure,02-D09
5.225845820219763,1.1606427893712183,11.981362470746996,11.415130518897698,4.226721513739633,0.49084219753898956,0.7160440034793865,0.2829127313030195,0.024212644453518964,0.10551867180712352,0.7616426785420465,0.4121063422229675,17.651235083915275,0.05944373893009036,1.101199050441128,0.11825439106029886,0.8634300040176802,Structure,02-D11
5.3351644031867025,2.4319284580161966,12.609071298657666,6.4778654202927015,2.74883710605005,0.5430605327562996,0.706859710437086,0.31927144238910987,0.053733021161544485,0.07473035543450628,0.7166722685926846,0.45273357135854814,19.959499522584096,0.1738520836900843,2.2580763743261123,0.1493440315069284,0.9367770340056709,Structure,02-D12
6.535541818994565,4.142621800568785,23.669900004131136,6.642278325421344,3.4305061132089794,0.5076092920845404,0.6578157553842777,0.6061792544518649,0.0698681613145126,0.10595319097161562,0.9048323593244969,0.56575086225107,15.578699974283147,0.0973413819908675,4.045280418577917,0.05873738600163775,0.956481198167443,Structure,02-E01
6.449310932309489,3.699873985022041,23.02985768227214,8.772899040229925,3.926399310766078,0.5041643981386917,0.5054731287117643,0.6604110729623076,0.06922679181345334,0.1140197407751111,1.1211427921511405,0.44653136664947196,17.21548786641988,0.12969988761736317,3.570174097404678,0.06564063580251095,0.9426881604748725,Structure,02-E04
6.6790987318259605,3.258081877996597,26.685854417971406,13.302562277754221,6.759451807199845,0.5066172812372969,0.5879548769217221,0.5411849250802852,0.06467646585633546,0.17999494460943344,0.8574277903233156,0.49770314795699644,12.741739589820614,0.1282398924211101,3.129841985575487,0.06346038834462464,0.949774174129969,Structure,02-E05
5.738256509761425,1.4983852252101535,14.031575898575115,6.30141745290026,3.098820005565729,0.5332581423200367,0.6803134383677978,0.2869044305778549,0.02868765019061692,0.21809227413490942,0.8133578913144308,0.41149617920766235,17.150302378231316,0.3223774213437842,1.1760078038663693,0.19624994101053297,0.8702663436295403,Structure,02-E07
5.344601924222984,3.1300657041897644,11.236255880245281,7.379967076975547,2.72570736566901,0.8004976086739818,0.8402865192955415,0.7287734124546763,0.06500561579503576,0.04959869948402523,0.34233759131092795,0.3227794371758612,25.415715429005026,0.07863412588509266,3.0514315783046717,0.6576259303246711,0.9433692870232925,Structure,02-E08
5.993702543008776,3.4947319791358353,17.486050736193988,8.020714090997217,3.381313637283547,0.5529437165449704,0.6778797806238428,0.6326042928209461,0.0734132066443998,0.05914805204566945,1.1566389962993298,0.477357954460516,16.072070119970796,0.1740554032098487,3.3206765759259866,0.14858891774709154,0.9572985153428493,Structure,02-E09
6.368995392491826,3.410609156446732,22.066418213585198,6.90579515544362,3.4347437105047693,0.5374988513255712,0.6504456799951591,0.30978874851596927,0.06325010605176004,0.04867572236367744,0.8017346339599252,0.5298993948335293,17.724569868902037,0.12857658208443468,3.2820325743622973,0.12912622961151365,0.9458714730396286,Structure,02-E10
5.987222842011166,2.9981093130536394,20.621385284700047,7.7176167954325345,3.385284873894739,0.6311730711641336,0.8037713293948201,0.436072150966301,0.040739104529548154,0.23859122068413377,0.9185755567596638,0.5501517481390943,20.201303321752437,0.24715996888254033,2.750949344171099,0.3412575311128858,0.9210886112153813,Structure,02-E11
5.93509937140699,2.842877521837325,15.859695560052959,6.982939432984932,3.5799383327117504,0.5154037443633692,0.7181412417555286,0.5753591561481077,0.06534105059172128,0.1186030199595517,0.998997884145659,0.6001000470185596,19.566376255597962,0.16488428443889447,2.6779932373984305,0.09673487502599057,0.9340726137007478,Structure,02-E12
5.733535102351226,2.7348482808210886,13.644704702579908,5.58812081022155,2.7333396843452067,0.5488199270068828,0.7035352268389723,0.4708298639675377,0.06553291854782196,0.1828564020439841,1.1480383357595187,0.4626149720902174,21.390252901422755,0.11421789812467331,2.6206303826964152,0.1705239208847562,0.9271159331290093,Structure,02-F02
4.541930785088473,1.2011743528666594,8.571160178270835,9.656948919897678,3.1416386299755934,0.47638318872727053,0.6923051406886707,0.23172970819510438,0.01892988754394415,0.1269598883104373,0.6734096266525551,0.359756283787664,17.493086783239796,0.3420675930832422,0.8591067597834172,0.06006644840450482,0.8926999290500363,Structure,02-F04
6.158503237125345,1.280130975697622,19.257779387995647,10.703045604059279,4.552375454231556,0.23017125757813098,0.1620796862984951,0.1197359404510939,0.02077520237751209,0.3113988462541377,-0.40183338409224206,-0.20202578186112974,9.596366767792126,0.09016243241797639,1.1899685432796456,0.013592144893334985,0.44675037026292697,Structure,03-A03
4.958675056447733,2.4067777076074677,8.855643597294234,5.3234348918068,2.145524237268632,0.5591259777961002,0.7300431301669749,0.5646240108897782,0.06328570277271192,0.047923330789271676,0.6383664000708515,0.4953444656111077,18.784770406860634,0.16849103891782669,2.238286668689641,0.17294590105656482,0.9453060545356357,Structure,03-A04
5.399016395121567,3.186314688528424,11.20456145440871,4.884369418211006,1.862077612547991,0.7524621131860543,0.8077609797091365,0.6605013890555952,0.06473237894648086,0.10072783051109464,0.5528875072411066,0.41666610784530395,22.948916388576272,0.06812196110955515,3.1181927274188688,0.5549035601940433,0.9500206661780651,Structure,03-A05
5.888886892469731,3.669451282406021,16.814316377321518,6.86554368059821,2.717194741797792,0.7215559290757863,0.7720082985203003,0.5450607517889207,0.0589503226629061,0.06913259584349574,0.7747787491344601,0.5215281526671295,21.16635830168528,0.2400549066633353,3.4293963757426855,0.49835384568627705,0.9447580124652953,Structure,03-A10
5.95464050627816,3.6442595883432,15.819146431535627,5.6736548031312495,2.5161358393340763,0.529660771245415,0.7049452658518413,0.6125248123401871,0.07416831175556743,0.05177512894014151,1.0689909090562912,0.5252033488330149,15.503878090793286,0.10334922538246616,3.5409103629607337,0.09796136491542382,0.9613601775754063,Structure,03-A11
5.3719194271554755,3.2761218484850883,11.119979042061216,5.902283965674209,2.712979972847192,0.5078389290229031,0.7081338333588987,0.5773045979908492,0.07451343227154616,0.06116581694690367,0.8896940468098129,0.5359279217318177,14.570018323006595,0.13960438709743705,3.136517461387651,0.05334608443259765,0.9623317736132084,Structure,03-A12
3.6497192873182334,1.7396689351375425,15.378869199372447,7.361681142787911,1.3487280578893497,0.16538675334817848,0.3699125635579432,0.010663078567679842,0.019554677465013912,0.10996852673706607,-0.27711568126577274,-0.27879703804351635,1.4111249105486279,0.11469368764585575,1.6249752474916868,0.032092387057616606,0.29868111963874033,Structure,03-B01
6.413156651802751,3.0397061422011804,21.377827649294833,15.364981755623939,6.486578200346107,0.4612796816851844,0.6553339517591554,0.6900717180765709,0.059168635565758715,0.1532263951764219,1.1029730714443426,0.5203996386407539,19.697231527825792,0.12179242833923087,2.9179137138619495,0.012492572048696764,0.910066791321672,Structure,03-B02
6.658119172587231,3.5926711511402,27.39788231739911,11.48650203343957,5.688322756945245,0.5819581239691134,0.6285239026726919,0.7143498938642541,0.06916403034539267,0.11533715338593764,0.9486071141850412,0.4939836279419553,19.887621112195635,0.09800127371892131,3.4946698774212788,0.23491280633871586,0.929003441599511,Structure,03-B03
7.20376160558649,3.631710375312778,43.406656232923254,13.144922398694108,5.76508079455956,0.4691539953920966,0.6227708870427974,0.5669351411069733,0.04671165284865034,0.1922762973184105,1.103948651706732,0.5146053621065412,16.062337455132848,0.3682622755115368,3.2634480998012414,0.06330160839410515,0.8750063823900881,Structure,03-B05
6.859685007136424,1.7679884036005031,29.824770229832563,8.95266901316878,3.782110346088902,0.1612236749644959,0.17361145104661294,0.04159887542656393,0.030813895307437764,0.47037789931069857,-0.33775643425632806,-0.18079875674871618,4.003749548055199,0.35796499188275455,1.4100234117177486,0.07532629578923156,0.24712105413976024,Structure,03-B06
6.333148711077855,3.6402090751816214,21.89550639493323,8.754165647144463,4.468098678961302,0.4962714680218844,0.6346874662185926,0.6356172383587864,0.07335921966831574,0.06024403413085025,0.8114443373225331,0.5658491112826268,14.67382612114113,0.1490503882934977,3.4911586868881237,0.03264473301528035,0.9598982030284884,Structure,03-B07
7.205169776758802,4.29937384285663,37.85455238539504,7.857729235388493,4.143114401955675,0.5042161397976932,0.5991112673565016,0.6242629995966301,0.06392745505957004,0.12814079572111026,0.9579873658517802,0.5169312116300429,13.941754340508414,0.22829700927998609,4.071076833576644,0.06734038135877903,0.9410918982366074,Structure,03-B11
6.556273528859443,2.57492275015575,24.605080478585162,9.20993716508724,4.720376961174243,0.5077655488509155,0.6568191514984537,0.5579280961679896,0.04845097555868276,0.17342329595234138,1.599484929873416,0.4476761701614976,18.112572538244358,0.1960497140525952,2.3788730361031547,0.09437599916694113,0.92115509853489,Structure,03-C01
5.1949042042923965,3.684499547744421,11.033884955051805,5.297524754464999,2.064612051002877,0.5151802234419847,0.7486108213391692,0.7676633135686182,0.06905122297315,0.06581983875234583,0.9260037141787041,0.5363697048139678,15.867907209434948,0.1009732329464601,3.583526314797961,0.06384538827455494,0.9665150586094143,Structure,03-C06
5.577808788105222,3.2594595022592365,12.895757816384158,4.476081266786564,2.056388953352878,0.5453761418779723,0.6982716141407603,0.550433069831299,0.06872254461055027,0.037282164415694916,0.6146055028412498,0.5408173875678844,17.33649903035648,0.13773214174520199,3.1217273605140345,0.14120846345081817,0.9495438203051264,Structure,03-C07
5.949048915707709,3.481569867281406,17.425916690349528,5.868019209020076,2.619688484171181,0.5134715074181337,0.6518126381039779,0.5928127047170367,0.06757228360640613,0.054647497862323285,0.939226183881744,0.4919173537367616,16.952507863730773,0.19930521619871477,3.2822646510826914,0.07738677057685368,0.9495562442594138,Structure,03-C08
6.999424187631347,3.9976161040839617,41.91624935046848,10.562963296629125,5.231356053391725,0.4789843104150663,0.5011103746939641,0.8179256282812055,0.07616986313987519,0.1074416535856855,1.2064711206599072,0.4538578974044556,15.445476474711299,0.15316065574832116,3.8444554483356406,0.04216533422641572,0.9158032866037169,Structure,03-C09
5.591354784597207,2.27843855347216,12.596889481680087,6.844366981160449,3.1023015488263597,0.516328182143428,0.6850676969724834,0.4536366267508797,0.05901648719128202,0.09852237728748685,0.9470562012407124,0.48738358490285827,19.67789699580956,0.14794818516855912,2.130490368303601,0.09848671526857491,0.9341696490182811,Structure,03-D01
6.551233348021299,3.6214228738457503,24.073719844770103,7.92969090249926,3.8630201985707564,0.5656852725333543,0.62440212851598,0.702614611729761,0.07461246507076752,0.0651462846651216,1.0127532019140029,0.47887443847436045,17.196561882461502,0.24835719500475584,3.3730656788409945,0.18142010638138129,0.9499504386853274,Structure,03-D02
5.328216081091475,2.3788280735674476,11.160609313507447,4.698793279018991,1.810524002680841,0.5745956252055717,0.7201157071033583,0.40602513995112105,0.06134831397561495,0.07638465166435572,1.006071453713577,0.4395335615455149,18.96513099503095,0.27660900913527975,2.102219064432168,0.20141765493193528,0.9477735954792083,Structure,03-D05
6.0147183545443355,2.8968027702563024,16.856301710473208,7.359989423500448,3.1849118538774053,0.5155973371540099,0.6972665339795401,0.6523121336030474,0.06684985885408368,0.11944878560726435,1.2472933290271224,0.543299058519394,19.191456272206892,0.17976558130802722,2.717037188948275,0.09203229681334485,0.939162377494675,Structure,03-D06
5.427818302582561,1.4269936851662752,12.45786941100281,10.059758771348408,4.288175809232999,0.4901148015502429,0.7001311250208184,0.4668515736760198,0.03359023866587532,0.15407451626801497,0.8256653374572978,0.5053242896637511,18.631414774226375,0.14063203505780209,1.2863616501084731,0.08075716338098854,0.8994724397194973,Structure,03-D08
6.101189564824332,2.58436093102733,17.124610696352946,7.1211101117279565,3.6173679277116015,0.5234246753553385,0.6378391798807951,0.43134929080663564,0.058534240603799886,0.1244755831219109,0.8657928000439399,0.5142985681874377,20.512998717007093,0.1959933844449111,2.388367546582419,0.12731068096452938,0.9195386697461477,Structure,03-D09
5.787379900247509,2.854409287913926,14.768561209746185,6.770449211121996,3.2420212044630614,0.5336186925008674,0.66846917245805,0.3156823663869277,0.05895253062698276,0.07150033745102845,0.9039398718081091,0.3927065378341992,19.09091323656638,0.10769865260401623,2.7467106353099098,0.12762887517753882,0.9396085098241959,Structure,03-D10
5.529450263608391,2.0580728410522138,12.798232799080159,7.781153609940781,3.089037228451342,0.46906018112938885,0.6775518821872067,0.5465244283398092,0.039518256345759735,0.12174512924025849,1.119768656821606,0.49324372763327046,17.837916742511958,0.08245910769124265,1.9756137333609711,0.024102284931863924,0.9140180773269138,Structure,03-D12
6.800580147578904,3.5760979267690143,27.79525572113355,11.803417211642033,6.423332976687635,0.5038236476535305,0.5897304146970701,0.7390953740594484,0.07432860586809535,0.09855824173309928,0.9313657481664378,0.5069615172455061,16.75172493252996,0.12535673657256474,3.4507411901964495,0.0607031846251553,0.9469441106819056,Structure,03-E02
5.775523481557543,1.8447643699680238,22.9116617047619,7.79566126971772,2.8799797025342535,0.33565259735193914,0.2735122845619602,0.07991737324585729,0.020135088488692783,0.33417323855871994,-0.2818580435974764,-0.09961585266566386,10.585104126829556,0.34874464244502335,1.4960197275230005,0.061092141731845864,0.6102130529720324,Structure,03-E03
6.6021868856456765,3.337616198460271,24.272199658911386,7.619355794747055,3.933558792076286,0.49644289285817766,0.6172017296686723,0.650354872842282,0.06591070858563441,0.1573977883319729,1.3238440515285568,0.4900015033770765,18.90833542899463,0.19985403512783328,3.1377621633324377,0.06957341480865112,0.9233123709077042,Structure,03-E06
6.342621562939046,3.1879963658052333,20.171833487875958,7.398064508043558,3.6252500110079193,0.47801484275000145,0.6855748883193801,0.631684413595029,0.05896237098251982,0.14727052567893367,0.8849357164746391,0.5730516678130584,19.613155782106155,0.1533285331869898,3.0346678326182435,0.03526188164967376,0.9207678038503291,Structure,03-E08
5.715288599885319,2.0913410723305432,14.934985989420408,12.374937493884957,5.284015644396475,0.46518108964312976,0.6702614474507114,0.6267827923995054,0.04265902749883923,0.14924677159928307,1.057162179898209,0.4852759756083124,18.64098881151166,0.23710315878740218,1.854237913543141,0.014691511304192224,0.9156706679820673,Structure,03-E09
7.166443768138844,4.087705853598427,37.55459545948944,16.024739101589912,7.286227819111561,0.4810684904008891,0.5631575831464992,0.724745269135103,0.0682821108942585,0.1344385401426851,1.0334278903285885,0.41394636151431397,15.471380898688453,0.19403192836444028,3.893673925233987,0.03336969396139971,0.9287672868403786,Structure,03-E12
4.317592697214907,0.930015564507439,8.446227626647342,8.854143095754427,2.8618698887487413,0.46365056608611455,0.6854135733601912,0.30143188891889244,0.014526292002623039,0.15788755356196005,0.9299785261879632,0.33644792078227737,15.610439963494791,0.3585632315153884,0.5714523329920507,0.05366048988095722,0.8736406422912719,Structure,03-F01
6.082068431978982,2.4593523222933005,17.855381770222248,11.38287246067889,4.96586176700261,0.4625500527198292,0.6607135556659003,0.6819070117238352,0.04819600761033937,0.15071566123878047,1.082039762235332,0.5088275368309622,18.991114134167727,0.055510285140035975,2.4038420371532645,0.005871986880988756,0.9192281185586696,Structure,03-F02
6.275009633733532,2.677372416285868,19.562879317679293,11.353425506111108,5.42991221487074,0.49738468154413706,0.6488208645061385,0.6525840766716079,0.06412211532452552,0.1520857428707112,1.2688225486205487,0.5243840330883459,20.530607895539397,0.13185394048173116,2.545518475804137,0.07408141754944178,0.9206879455388324,Structure,03-F03
6.968518021039952,2.827634606261725,32.82412225622079,23.282607087931094,10.986913366048723,0.4678624118662653,0.5678707240159919,0.6917171766713026,0.057222132556630445,0.1522661491482875,1.3513275910173417,0.4636738475443322,17.080790587238763,0.16848782001601315,2.659146786245712,0.017549985106323936,0.9181748386262067,Structure,03-F04
6.3967218032181945,3.3679081165320923,21.501332325482434,9.875143821066777,4.578513617354595,0.4547674814619442,0.6206556208016255,0.7756869977373622,0.06409471680631622,0.1419857905347319,1.1658103604598045,0.4838057017371303,20.01912163785154,0.027846001809791687,3.3400621147223006,0.0054611877925787875,0.9040737751313096,Structure,03-F05
5.866483222368951,1.5445359387654616,20.196505784918813,7.883879506764387,3.166828926758018,0.3356912144778313,0.2582662682706433,0.15085963581117337,0.02136308390380192,0.28192489776029267,-0.41835266015630845,-0.08659634383576736,11.816636148715851,0.24433772134530507,1.3001982174201565,0.058113627225271365,0.6132688017303912,Structure,03-F06
6.618502713054891,4.375156917208214,24.685878274475762,6.08456246415992,3.02694010853303,0.5146376140964989,0.6657252533826672,0.7700052501056079,0.07654320475357052,0.059663687764763065,0.901385420533023,0.5567199682083772,15.474697774812547,0.23446309809940757,4.140693819108806,0.06923237324547349,0.9600428549475243,Structure,03-F07
5.692199088123612,1.3632780197796137,13.658467521124026,11.575120065683913,5.1960714487217885,0.5151081516318238,0.6790068737445468,0.40311578116846036,0.03369228014388572,0.19490535366438616,1.0057192247308882,0.4644201812870094,18.959283277385243,0.11371467899204646,1.2495633407875673,0.13163248314514764,0.8985838201184999,Structure,03-G05
5.867587128041623,1.414546896687133,17.2136180222322,8.471698895413233,3.336281634550731,0.26745151088571945,0.19154241685743112,0.1166340450549954,0.017995407853887216,0.26467447655551324,-0.5827240829310837,-0.28461226175067017,10.758019400688614,0.13905778176787997,1.275489114919253,0.021265345669930203,0.5136376761015087,Structure,03-G06
5.665588733068796,1.56943540300749,13.558389282694339,9.515243828092604,4.445992862443337,0.45987242438476067,0.6457982804362359,0.47178829864363836,0.032270839835490936,0.18017910717474572,0.8573034975030098,0.5101439398185403,17.236713045011328,0.14765339181252646,1.4217820111949635,0.044625704273728015,0.8751191444957933,Structure,03-G07
6.602272132704367,3.8746384635715074,24.339423388974122,7.583246383572984,3.6874776427309426,0.5197062413913232,0.5054774911812747,0.6502060321049631,0.07747909463191846,0.09429844361810243,1.1551237630410294,0.4204732990293974,16.74967530827828,0.1964245315408668,3.6782139320306406,0.08855728774091898,0.9508551950417272,Structure,03-G08
6.0718012698220765,1.5631266643355044,29.612285934745763,9.573584173105404,4.169137508544191,0.35267451915879017,0.281013735135501,0.2072713233845736,0.021197991078375642,0.26495834063734813,-0.13158455945116754,-0.020662453310471618,11.623183636480224,0.32603427995674394,1.2370923843787605,0.08485512906311321,0.6204939092544671,Structure,03-G09
5.452370199024661,1.758854461030099,11.979900740717154,7.9595789628704,3.495897321203541,0.5042000400471509,0.6830021839389456,0.5098526920026282,0.04198809289199719,0.14523805574175283,1.1499511259855781,0.44784877911588655,20.128557119284167,0.13903638125526463,1.6198180797748343,0.09149068278463579,0.916909397309666,Structure,03-G10
6.004452510698158,2.889294958618489,16.425911012289735,6.093956691226706,2.9894604178692754,0.5803688755101508,0.6434290532371626,0.5499165300305687,0.06439081384038661,0.07118316500221492,0.7356093473077556,0.507644903837347,18.51400604161457,0.18756549773859632,2.7017294608798927,0.22298994559820395,0.9377478054220976,Structure,03-G12
6.293156828853919,2.8313305253038425,19.375643530729025,9.072010296933126,4.576187380303908,0.4854745123368811,0.6468293267259833,0.6060363555630714,0.06221104931978639,0.1856389928507015,1.2245416264044324,0.48827525074830175,20.34523459167527,0.12070065577841049,2.710629869525432,0.06094281049577668,0.9100062141779856,Structure,04-B01
6.63241914762628,3.626346786142605,25.675817578288154,7.666702556576259,3.884822831880224,0.5428690291463197,0.5952403599937125,0.6351983205037983,0.07191417201362241,0.09146682471658119,1.0028164653136449,0.46892782734013844,17.437579894741063,0.13269620528332915,3.493650580859276,0.1414581349947048,0.9442799232979346,Structure,04-B11
6.200450792819391,3.5983508786501925,19.643755699804192,8.429408460783737,3.988551695005555,0.5115283141600143,0.6722449162330513,0.5762091501515181,0.066371787472303,0.11683775857964132,0.9486644857711727,0.5198024129787294,17.123517067345603,0.15216783144977697,3.4461830472004156,0.07470222318364018,0.9483544051363884,Structure,04-C12
6.4030566068310435,4.299450830936912,21.509086459907042,4.818338161902136,2.4006685209505494,0.5383954682539034,0.6905273704301099,0.6207074062894478,0.07429490483069276,0.08574700374943522,1.0359844015324688,0.47902838058125713,15.996945180597933,0.10718258276391701,4.192268248172995,0.11516932813568288,0.961621608372124,Structure,04-D02
7.114143988521823,3.7569750763342427,35.57658417125814,8.584759128337996,4.474913120673423,0.5061802690203419,0.6137831736182997,0.6537141165409022,0.0689562147852723,0.16386709750900325,1.2704703766312955,0.5758021756753849,18.2496804125071,0.17592447773768072,3.581050598596562,0.09878751957802377,0.9135730184626599,Structure,04-D03
6.481348889981304,3.693237432440897,22.818968289506653,12.074144082414756,5.144103146745879,0.49901877026473346,0.6745508956974953,0.6712072129678944,0.06881559535642759,0.11682968254424057,1.2912592552308522,0.48562147594643995,16.3463769877617,0.18260471897683495,3.5106327134640622,0.043904498923983515,0.9541330416054834,Structure,04-D04
6.547151055846632,3.2381539571087536,24.084770275477478,9.638128360899497,5.049440703274717,0.4749805411150885,0.6431744631842635,0.7105169655094811,0.06418031621703063,0.17402308922077944,1.1307017483140258,0.5431047992654354,19.691776426439624,0.0857130036064575,3.152440953502296,0.03574955523909584,0.9142115269910811,Structure,04-D05
6.933278187585809,3.59702464841164,30.6724227124837,9.40726670309468,4.285704000398936,0.5209450615362325,0.6155093886640941,0.7135022039531062,0.07546723507715608,0.14101345146560315,1.2086761853844428,0.47018657048782947,18.354127189744332,0.1877254463745217,3.4092992020371184,0.11860414323465798,0.923285979837807,Structure,04-D06
6.274518975322941,3.3141518796259444,20.815797436290985,8.741998561424122,4.129244952920923,0.5238726783141534,0.6624013925488077,0.5716798901123178,0.06977941848284788,0.10234433301099768,1.1340252972786806,0.49242248584260195,18.027598374330122,0.1618786626948836,3.1522732169310608,0.1006763109188362,0.9470690457094707,Structure,04-D08
6.3301616647899905,2.5956158739887876,20.25847971536736,9.665834280936394,4.600451002467719,0.5101552737394367,0.6338271842637682,0.5201288331938673,0.05829152565259373,0.11759457165185945,1.0442571578968016,0.5309485241821167,20.021257911819244,0.1846084174475635,2.411007456541224,0.10123321913929732,0.919077328339576,Structure,04-D09
6.042121902938289,2.240592652228468,17.175064777121264,8.495060704119823,3.2392942536304297,0.5977848121200269,0.6539420202109273,0.37099804491604654,0.05051783772362594,0.11319202042730743,1.1190930048169057,0.48904184215167834,22.255286381415207,0.15591323598221685,2.084679416246251,0.28016621313571455,0.9154034111043391,Structure,04-D11
5.628882321107957,0.993502257251107,16.481370993704765,10.772540409391734,4.696804989280901,0.43178476070183747,0.5407591220758599,0.3286158980546651,0.020872737019074824,0.1503063370901339,0.6501461283678104,0.43863222328662854,16.34524846468119,0.38142597072542905,0.6120762865256779,0.11763625637800304,0.7459332650256719,Structure,04-E08
6.9002416916200575,3.9246010311808384,31.08139962441481,8.292042989142681,4.4710398023335,0.5373194351141474,0.5672848382296417,0.622377391610454,0.07611460628272483,0.11506394929033946,1.239458299246712,0.4369448469768116,15.258463293819133,0.15146945806272782,3.7731315731181105,0.11497204357976443,0.9596668266485303,Structure,04-E12
6.462789441542233,2.725183695068761,22.323433720575064,7.915415555787938,3.926725831045208,0.48957321340723614,0.6560755043615326,0.5828867726933501,0.05250607176920904,0.16347999471116917,1.1277441224648483,0.5251421726834145,19.078617061637992,0.1367290995311592,2.588454595537602,0.06111340890438249,0.9180330179100898,Structure,04-F04
6.85925966431911,3.6232260327072936,29.14541207460496,10.904379734514409,5.640623823544155,0.49085929612127577,0.6034665468742696,0.6976516510044418,0.06971307390404895,0.15374188909227893,1.1505441334648618,0.4524441199864725,17.079530874100104,0.10837832536202541,3.514847707345268,0.04941124089582446,0.932307351346727,Structure,04-F07
5.623484112656721,2.6178454719431006,14.567151572134737,8.861735637679558,3.8862381235067267,0.4767258627936821,0.7020148659881753,0.6627584614327068,0.05824853738980694,0.14215670774245964,1.0936596537378611,0.5493472309603261,21.08281152045884,0.19743134177936383,2.4204141301637367,0.04118927524905673,0.9122624503383076,Structure,04-F10
6.267906715407523,2.9085664909351845,19.59453208258724,9.021034247032004,4.204811975689626,0.4849322423967411,0.6574048285606021,0.6540743732841269,0.0611516977498197,0.1211305877794429,1.1221828161338403,0.554945010462265,20.327860164044452,0.1374802820326675,2.771086208902517,0.053235683653264004,0.9166288011402182,Structure,04-F11
6.334356819264073,3.4482774786786923,21.23978307275727,8.701650090722048,4.112455947727099,0.5103987041979996,0.622074813280034,0.6306085244070785,0.07303507906692865,0.06085429597100181,0.8659344344815991,0.5002086238251067,15.085668641110903,0.1616363751307599,3.2866411035479324,0.06307182234697083,0.9577255860490285,Structure,04-F12
6.677717172299143,3.92692981194684,26.033940058469728,7.400312671689284,3.642736237040492,0.5249815295997126,0.6119695246510444,0.5805914823762228,0.0763918910229286,0.07096620098376824,1.0304040764711817,0.47807827219609034,15.28246843009697,0.1938974257123185,3.7330323862345214,0.08790383752820244,0.9620592216712226,Structure,04-G02
6.19777143562948,1.423477421651647,24.959734411795,8.390006652754018,3.524828210878655,0.3109605747574482,0.21890442195299387,0.143465853461386,0.02408876350154294,0.3353419320148635,-0.5169968714601363,-0.230399587740648,11.10621358728277,0.24762295388533495,1.175854467766312,0.12262297144784826,0.4992981780670482,Structure,04-G04
6.131098405369118,3.303090267778231,19.103752877435706,9.021730265419619,4.495089499106356,0.5166696542146567,0.6565549205547773,0.7406869144998518,0.06864885077228947,0.05917822215108617,0.9267919965619769,0.5096122376622318,14.626283005204874,0.135214955751632,3.1678753120265988,0.07417762584529373,0.9591616825840197,Structure,04-G05
6.918345647312256,3.717077964848377,32.331323798828535,14.330920680304725,6.776417392064657,0.5028184290407902,0.5916272993767495,0.8027923701264297,0.07553353667073885,0.07914766951105645,1.0940544133186612,0.4780987621955234,15.743142377738375,0.2092784210785883,3.5077995437697886,0.05351906787118683,0.9521177902103936,Structure,04-G07
6.937322482697912,3.853152175201471,31.708657752611256,8.198791696391378,4.206334302541391,0.5285552138194229,0.501314428370729,0.7212740468399159,0.07814091204863899,0.08081860977333025,0.981525571500511,0.45815709701090024,14.528475923416975,0.17779319013944495,3.675358985062026,0.09664905518364802,0.9604613724551978,Structure,04-G11
6.3294996922231235,3.404657661171802,20.806087052062416,7.76838317152718,3.444405926272145,0.6778631748212751,0.6331333176615811,0.5986680946612758,0.06878231906518112,0.047573575934197386,0.7225176072544649,0.4075843333983902,22.25047980221744,0.14185052899100903,3.262807132180793,0.41925154030020617,0.9364748093423441,Structure,04-H04
6.303107751995326,3.0622218806335706,21.49638525027612,9.666543769491282,4.6160478888824485,0.5146691304271811,0.6371720230158703,0.7168727495155963,0.07085493647218961,0.09679608870325991,0.9915362546591963,0.5057225363243376,18.05621284305372,0.15919484534868644,2.903027035284884,0.08716226949097802,0.9421759913633843,Structure,04-H07
6.777546670049781,3.428183349254166,28.78476954228821,8.991853328803568,4.521671715800916,0.5281590142918476,0.6108516661845556,0.7251937274600723,0.07533666948150211,0.0918649558280174,1.122712700547733,0.5120228161831433,16.95913381459414,0.14214648653687867,3.286036862717287,0.10979013955987083,0.9465278890238245,Structure,04-H09
6.131284867009089,3.7160901401227058,18.820524483224794,5.769666826335749,2.641535054356097,0.5217946032921809,0.6467248283329323,0.4037077304096367,0.07192700424153257,0.060095902076847174,1.0358772345171587,0.46483346739432596,15.235914713609557,0.17691188359145293,3.539178256531253,0.08521101164382865,0.958378194940533,Structure,04-H11
7.157148518490107,3.864400769635287,35.910612328682625,10.711513185242264,5.5531601178029515,0.5147607437098595,0.5571041637245878,0.48799265661820435,0.067349867127963,0.1820160493706094,1.0431658907639767,0.37405083478391954,16.516772782731323,0.2584025665717462,3.6059982030635407,0.10227804401648363,0.9272434434032354,Structure,05-A02
6.445790407164098,2.7658385133163694,22.02165725360451,7.879301989413978,3.6880289490940283,0.505540087361784,0.6423243888821086,0.5652209759440784,0.053802766577289274,0.14965133463245486,1.3658858846879554,0.5240374515927275,19.800035441266107,0.1534191239446514,2.612419389371718,0.09379024494291502,0.917289929780653,Structure,05-A03
6.458301309049344,3.58365873878982,25.3123385715539,9.168170456209205,4.01277435760111,0.5159068492915815,0.6487966120741637,0.5950625371645486,0.06525965813472817,0.14309198317660027,1.0921620593059862,0.4650932385772155,16.799213773654436,0.16145899757036553,3.4221997412194547,0.0859836315114862,0.9458300670716767,Structure,05-A06
6.702884115685678,4.143617495900454,32.014275228012835,13.953325905312036,5.743002528489815,0.5092453734898692,0.5109419959835575,0.752582200441699,0.07250204529387207,0.07473276919161626,1.4289519813085754,0.37185528562920445,13.955315242981495,0.443081105628119,3.700536390272335,0.051147808457188845,0.9673429385225496,Structure,05-A08
7.063376180799972,3.7268164058826,34.72821498171577,12.074265910680358,6.147889464783205,0.5076400014636079,0.563778779711902,0.569999943908746,0.06464599635469184,0.13532272536997755,0.9895116492013192,0.4533055481634033,15.72536045534746,0.2200199857226668,3.506796420159933,0.07706131128261737,0.9382186916445984,Structure,05-A09
6.8835722339501375,3.7236907604971314,29.979626441775256,10.024933315656009,4.85809333590718,0.5654607995431472,0.6325725116914879,0.6487514610481068,0.07019827816635275,0.1325202226377189,0.921061277151368,0.46546123965090663,18.292935160365865,0.330748163918134,3.3929425965789974,0.19847900832277923,0.9324425907635151,Structure,05-A10
6.222787856044261,2.6340744190392424,22.64524999577456,11.403718791624655,5.2933100878969785,0.490908979247489,0.6811763536998725,0.646802093791693,0.053119420714084,0.14902158449257394,1.1657641149593596,0.573901513588186,19.761753570524682,0.19876223968583773,2.4353121793534047,0.06364241956582155,0.9181755389291565,Structure,05-B01
6.793398692058354,3.876024213441518,29.104682462917147,10.791787154322254,4.893018603018888,0.5082994867077367,0.5916503728341733,0.6499799177126862,0.0682980774698489,0.12684722867027212,1.2217446230017126,0.45028131688092715,15.797997917707997,0.17836532260392168,3.6976588908375962,0.0673956902747401,0.9492032831407333,Structure,05-B02
5.665827966899721,1.4720582222551624,13.56888774077441,10.091822147786504,3.709806302689004,0.5050874665908027,0.6304597227630131,0.16428649066285086,0.03084372341291803,0.07913102765836202,1.0173782119107453,0.3739995079421156,20.82372402640381,0.1355533678419274,1.336504854413235,0.19629440936567,0.8138805238159355,Structure,05-B03
7.073566742517443,3.875531762194459,36.78295512686496,14.798483360660777,7.091000857083883,0.5096546941121705,0.5652893417173214,0.566136815594435,0.07047808677892915,0.158605022728911,1.0782773415133164,0.4527519678980282,16.527729889244455,0.20681144730544254,3.6687203148890166,0.08451453797752684,0.9347948502468141,Structure,05-B04
6.814460663709997,2.5614977474791587,29.62158837549293,15.639035298448425,7.868213554115733,0.4627340978998303,0.5763215227441156,0.6719148653981193,0.05022438487711908,0.15803302206682857,1.1920996616650972,0.4759105827251883,16.909099220476218,0.08722051759462701,2.4742772298845317,0.018726752912076542,0.906741442887584,Structure,05-B06
6.63541689243785,3.6447474121951817,25.976534962795345,8.861879996786545,4.068263927647699,0.5333598565155074,0.6419958417424112,0.611893196154759,0.07271852196646537,0.0913541393956901,0.9337529858369162,0.49652902074469507,18.271093994792075,0.26065891595356483,3.384088496241617,0.12436561767052984,0.9423540953604851,Structure,05-B10
5.667794144046824,1.5343904056406164,13.798223382013335,7.77468723131943,3.1797089199935367,0.5453600302380885,0.7290479277369417,0.1985566786280535,0.03234462189930069,0.07923703754004024,1.3131573260287128,0.41895066665825914,20.99314350025544,0.12599742130959868,1.4083929843310177,0.20177742370224258,0.8889426367739346,Structure,05-C04
5.46485291873988,1.746367029001716,14.768288008287438,7.285252940776442,3.2487268803419727,0.5157236936436964,0.7088205508617669,0.3987118580768727,0.033457147865214046,0.16585593890238498,1.076320897506018,0.4840851951982432,19.32932285632982,0.15119442114511727,1.5951726078565986,0.1223189857682516,0.9091284015191413,Structure,05-C06
6.410268124781016,2.967285706420487,21.276433030377795,8.276649934275804,3.9878668177856214,0.5415660649358839,0.624009147980251,0.5014756853078679,0.06740931016551445,0.15552950317185005,1.2664021678863797,0.46167650813959993,20.075994860044265,0.13302188177801,2.834263824642477,0.15317139920542916,0.9299607306663387,Structure,05-C08
6.600593576353512,4.027350835292692,24.939784740017508,8.914075239057203,4.068115393491082,0.4870351473488028,0.6326153823173433,0.7967232168199475,0.07437114271590052,0.09910140777634513,1.0937041172597384,0.5118080718504336,17.032358527361698,0.1013789392666471,3.925971896026045,0.03453491885345714,0.9395353758441485,Structure,05-C11
5.850814792126579,1.8138076417610485,15.318171625876932,8.772403141847075,4.248431445481995,0.5016067300625773,0.6755746814019392,0.5159088395555004,0.04269822759305672,0.1728034867508064,1.214813482436442,0.5243907543981261,19.020352864058722,0.1506263256404079,1.6631813161206406,0.0917185067745854,0.9114949533505691,Structure,05-D04
5.091154481895834,1.1705609672328485,9.959769720674064,5.307266844401433,2.0237763472474604,0.42612738365913017,0.46346620020572893,0.09911415762452327,0.015596299394746185,0.19844229797546148,-0.5067726369303932,-0.20986885028064395,13.185693483037443,0.13347900038513316,1.0370819668477154,0.13059091412989143,0.7216638531883689,Structure,05-D09
6.747280739156161,2.4729307776661535,27.497425416047033,18.038559954818243,9.20058262942215,0.46956790038321944,0.601529984661431,0.723386749162656,0.05533202460293592,0.15876148121769823,1.2447322586919083,0.4945764271403853,18.41129612543418,0.10344796948189128,2.3694828081842623,0.026999033856212364,0.9121367669102265,Structure,05-E01
6.47610663030548,3.6328706083249687,26.968770375339655,18.48054867450722,7.160291526866545,0.48743753025865233,0.6485106330948995,0.8244757100576641,0.06770254227861179,0.07048174058294644,1.009666156167202,0.5056303637880035,15.290767479648453,0.1874646515299494,3.4454059567950193,0.01969961696879107,0.9551754435485136,Structure,05-E02
7.142712533373976,3.3949082388470497,35.69321465615215,11.52160809831738,5.870108648511067,0.515753109898172,0.5542943596140054,0.5409712514646068,0.06680841532506439,0.13821645052938333,1.1402950551741124,0.4931371939758468,17.820791099943737,0.2020555031656439,3.192852735681406,0.10482625383041722,0.9266799659659269,Structure,05-E04
6.643155905060448,3.0963044953435386,25.115322937621126,11.559977365651063,6.205854650011156,0.49985562583017085,0.6047623557016851,0.6890685285810538,0.07170920272562195,0.15000279695292437,1.175439566181078,0.48868780926671257,18.30099597312267,0.1108573606828962,2.9854471346606424,0.06470675616158769,0.935004495498754,Structure,05-E06
6.6691481807334965,2.7642118589130806,28.74191390157659,11.598062850781506,5.420877177456659,0.5430888289760757,0.6300197179858451,0.609558679375338,0.05231777587080443,0.17303000970946217,1.342795217942422,0.40582631255328855,18.686978868423758,0.31132716128965754,2.452884697623423,0.17104104941755732,0.9151366085345941,Structure,05-F05
6.595785884278521,3.3048263042547195,27.141781269907074,9.31888341121729,4.47944203752025,0.5117401479759542,0.49487269533640726,0.4752095816153896,0.05290708865497498,0.14433938284011025,1.290564046085087,0.42532838490063424,17.541891884630175,0.2506657138234125,3.054160590431307,0.10000956520011109,0.9234707307517973,Structure,05-G06
6.00904822111738,2.6069522192703243,16.70532682157808,7.785855661262314,3.2959203761494114,0.55469097329233,0.7038885830125695,0.5049506256703299,0.05171355346433701,0.11786616692628381,0.9349778533127022,0.5953312794610462,20.862344738433592,0.36249261156302204,2.2444596077073022,0.18225174380794765,0.9271302027767123,Structure,05-H02
6.334176262447358,3.19496514526344,20.682426489387417,7.474622574412937,3.3395058616634867,0.527861640708199,0.5984659708176433,0.48952787146999777,0.06168909687667687,0.14599523303267262,1.2844105939323704,0.44608660232238606,19.896190222456138,0.17631768846017692,3.0186474568032633,0.1274556460494306,0.9282676353669673,Structure,05-H03
6.609524568906587,3.020116993113719,25.594005995579092,10.67200667742536,5.036518245254299,0.5124708891752229,0.6245866034975398,0.5865186533215383,0.06479262155420333,0.1539465414887595,1.3072884461724716,0.4960121913168891,19.395993333359197,0.17278815309673057,2.8473288400169885,0.09764273251650799,0.9272990458339379,Structure,05-H05
5.720118429463476,2.36789868941559,16.06078876782397,14.06008258914784,5.597930029236617,0.47411846066641344,0.6906495991350029,0.623221677728152,0.048672052656890875,0.13336421926523967,1.1672171023663354,0.5188827123804176,20.385143673740984,0.2568681747888668,2.111030514626723,0.03235939418193503,0.9158775271508919,Structure,06-D06
6.372019206606062,3.70283324161435,21.008862405448603,6.41297603908322,3.17283899433001,0.5013481375537459,0.6503475820247051,0.41085495015888346,0.06669720632263552,0.09397509244835019,1.0481830822543428,0.49005878396393576,16.334257544851425,0.13058705856519204,3.572246183049158,0.053314778902232386,0.9493814962052594,Structure,08-F07
5.715854885869158,3.993194370008016,17.21889046289802,4.028198378056985,2.0104229551955775,0.4290054010822259,0.7074186601721565,0.43635706016866815,0.09434183105346375,0.0004089208799411945,1.4878061970480956,0.6661623983790528,57.13326491229588,0.29241838452703917,3.700775985480977,0.112825480104611,0.7451853220598408,Avg,02-A02
4.506689106399261,1.9510458081817212,9.32514583457577,5.574178656378224,2.907768690905126,0.501057980614969,0.8109297438931267,0.3090901599785873,0.04808563303750134,0.000998385809427751,1.4290256926736875,0.6986861137292995,57.187874267096745,0.4379217900465715,1.5131240181351497,0.2639399383291977,0.7381760229007402,Avg,02-A03
5.195578313095991,2.4309064021640268,12.068488078942039,4.693980928615099,2.462230229918323,0.49228425315491325,0.7176487119666762,0.3471308249969693,0.06862434947731723,0.0006933512174699836,1.4586333509857892,0.6814993981270552,57.156352809842986,0.41661457584418216,2.0142918263198446,0.24676698828746202,0.7378015180223645,Avg,02-A05
5.791725299167095,2.7993346322735917,15.759615033417372,5.60490124109928,2.7607636997779683,0.4532901693774304,0.6771867570637391,0.30794249428814546,0.05591747976770685,0.0016730440622992832,1.3573451420089335,0.5947549574796929,57.18133378892447,0.1763753911099144,2.6229592411636773,0.16739983798344696,0.7391805007714138,Avg,02-A07
5.123246334751854,4.664227537401643,10.467190671203893,5.4085710424374485,2.8817265950527884,0.379647525220836,0.6792152378045264,0.45974176938994465,0.1075790368361008,9.061925437405864e-05,1.3059675897142202,0.6414150190172672,57.17215287476874,0.08423034929308582,4.579997188108557,0.04142648658438996,0.717868563857282,Avg,02-A11
6.020792112626732,4.210865403093091,18.641742105498064,7.303888774513113,3.710616132781675,0.40536588119056705,0.6322925026335202,0.4316019815529266,0.10456165648571089,7.814199566535294e-05,1.3832087930257755,0.6770081760089776,57.16604303002383,0.29160259438011593,3.9192628087129755,0.10315924851702246,0.7075725138641116,Avg,02-B02
5.69867369437193,3.2307929134782896,17.778150636460733,4.600083379693911,2.0929352927348264,0.48075313025811084,0.7065057380406652,0.3525692034621981,0.06272508726144577,0.00116701467111335,1.4749774012157884,0.669892714971793,57.18528414989098,0.8569928657118879,2.3738000477664016,0.19937003214709165,0.7621362283691301,Avg,02-B03
6.307423555589933,3.646044416995757,24.480380363693587,9.59875089026022,4.873139658712218,0.43098865449223805,0.6417342304468503,0.39288379579234206,0.08214658902902194,8.321125330064489e-05,1.4618284012110037,0.6737003799216595,57.17963215471147,0.5896257845935686,3.0564186324021883,0.15360089288263543,0.7083764161018407,Avg,02-B05
5.752453856558143,2.7543949676283113,15.465889027950729,5.07151105713181,2.5093501839736567,0.4844052602901826,0.7037393964749151,0.31167050916749656,0.058322247908196026,0.001647489811126054,1.2914511737205243,0.6891573457127631,57.1625168114426,0.22866706564294503,2.5257279019853662,0.21900460872992758,0.7498059118504377,Avg,02-B06
5.428420269265169,3.4422466297519065,15.912457063503322,5.3040814593757455,2.0018475105495184,0.47733201232469324,0.7609902124133087,0.36408633681221564,0.06269990648761996,0.0016660334725664043,1.3531488760634178,0.7299666494589847,57.18324041111654,0.5703066753125512,2.8719399544393553,0.20335472541958224,0.7513092992298043,Avg,02-B07
5.909650258548446,1.8210834984720137,17.706742592690954,4.828560951326955,2.5507206079226448,0.5957465923770381,0.667097232762523,0.3177606040900415,0.05490277941187445,0.00115644555063692,1.6058211676908796,0.5934193800751196,57.16170347512418,0.5044104971865799,1.3166730012854337,0.41892732102959995,0.7725658637244762,Avg,02-B08
5.932952897982537,3.160986863261,17.588654457317162,5.177721134259356,2.432476161948214,0.5145749717788081,0.7489318156860045,0.3910199919783015,0.07371087168578058,0.0005586693789021376,1.3340210120751035,0.7208710015127711,57.174055469767964,0.5409870290111272,2.6199998342498727,0.26143256359738537,0.7677173799602307,Avg,02-B09
5.562610711456712,4.453609165020574,16.738072310637754,7.099744072733512,3.357012031226138,0.3826341278922296,0.65561347089674,0.40920665927981414,0.09297195510342862,0.00012347255781906767,1.287178084928268,0.675075628497735,57.186033761814656,0.21008346642202813,4.243525698598546,0.049159397900757816,0.7161088578837014,Avg,02-B10
5.3260210860921395,4.255125580771859,15.904897512551203,2.6634523411302657,1.3326434562191383,0.450210389387246,0.7738141837846373,0.3968445305719571,0.07870033930306607,0.001951325009617444,1.1739967562766636,0.80765637187445,57.1649577347155,0.46712629216016666,3.787999288611692,0.13363842927965774,0.7667823494948343,Avg,02-B11
5.5035523898042085,2.339751323810324,16.336656294871865,6.934512288733582,3.740063380853842,0.4555772310580827,0.6841105302121551,0.30251846094942114,0.05213713230329628,0.0005794174604870852,1.4141361919501345,0.6996354479353805,57.17589090466837,0.5150994233576451,1.8246519004526789,0.21518238214160906,0.6959720799745563,Avg,02-B12
4.794661100490017,2.4455114862207754,10.074776522859352,2.7672648449327237,1.2633868785598326,0.6038220762807562,0.8396583208334056,0.3186969747569222,0.045419082417954365,0.00874956460404362,1.2018726765076058,0.7138949708567278,57.16312691365681,1.2314867603174413,1.214024725903334,0.3940958303435123,0.8135483222180002,Avg,02-C01
5.536839459429623,3.642067570982995,13.460620029105787,4.883618060926381,2.446171646229203,0.4095741236850271,0.6596375581121782,0.40461139707196725,0.09433979519642759,0.00023925405116280346,1.4956724945696327,0.6414819834262551,57.179359955099,0.27165148999120703,3.370416080991788,0.09213962366116096,0.7270086237088932,Avg,02-C02
5.441166112402591,2.1048252629097615,13.499338741063275,4.126135116787547,2.3304434440124493,0.562902593330932,0.7290765190120341,0.3141486132450561,0.05840249977074874,0.0010122511826332612,1.3965344004394302,0.6975576273284143,57.15587901804629,0.3263498889967096,1.7784753739130519,0.360535066780888,0.7652701198809759,Avg,02-C03
6.078837423914084,3.1495692143547434,19.009016441024322,6.85165797058926,3.6701720383135763,0.41655546539121924,0.5995309890792173,0.3572701568799747,0.0706793701576732,0.0007800041069370717,1.3661244061817372,0.5286241773075642,56.14117302582584,0.13076137211542438,3.018807842239319,0.12043765124045436,0.7126732795419841,Avg,02-C05
5.135552017065812,2.52440278695169,13.467669575402324,4.58971481235439,2.1553513878450965,0.474472473880579,0.7717624180753088,0.3053060945281315,0.051760811065871916,0.002520543358656216,1.2691392494550766,0.742354076469246,57.14236389910543,0.6060734903668568,1.918329296584833,0.1980575729428998,0.7508873748182582,Avg,02-C06
5.874870341842172,3.2568612629932723,19.13272270225303,6.081830522474939,3.29255732404156,0.4473028093943241,0.6499106054361397,0.4016443601717991,0.08579924642839698,0.0002750318847175232,1.3668849597448538,0.7213923660185435,57.158383931765506,0.36233104274826466,2.8945302202450076,0.1722935361177064,0.7223120826709418,Avg,02-C07
5.939616168793285,3.6084216210406463,17.495608279706303,6.159507557852458,3.029159301914935,0.672540312277436,0.7785699141311839,0.33393744168826045,0.06054499184198627,0.0009958530152481388,1.074523461447147,0.637111349190119,57.15567598024097,0.15235462941675237,3.456066991623894,0.5427487056028042,0.8023319189520678,Avg,02-C08
5.808416654372782,2.841365861084883,16.815315285534115,4.28722920504697,2.219001619586026,0.5441331443037566,0.771477418037221,0.3138945157115031,0.05541474622725086,0.001759780619404492,1.3890568701851014,0.6763401047446251,57.15209054329563,0.46083924424637956,2.3805266168385035,0.32054455434319806,0.7677217342643151,Avg,02-C09
5.883525922824724,4.608501052696527,20.35987899223128,6.228928298837748,3.081144604666727,0.40175223682448047,0.6468033646066432,0.4223538639619325,0.0964131057819944,0.0001400964982738332,1.4280564832148344,0.6998317236431248,57.15195530172876,0.3943591152581778,4.214141937438349,0.0849538202906529,0.718550653358308,Avg,02-C10
5.582269219728185,2.5414268885119657,15.719533680213964,5.992921952724405,3.4832329526597534,0.455676186099146,0.6504308665106817,0.3382509851508205,0.06508574128603793,0.0003971397679246281,1.1867238878370565,0.6020661232359091,57.17759107334502,0.10273806576826772,2.438688822743698,0.19284046514922695,0.7185119070490651,Avg,02-C12
5.385200487116077,3.1050317155998926,12.559856099123136,4.801271909216453,2.290553722289268,0.43375412396038876,0.7366001728841607,0.36478303301418913,0.07182325984568165,0.0011887026571647233,1.209926232122461,0.7121213466054783,57.164754272035445,0.20601781430982236,2.89901390129007,0.11973659380666575,0.7477716541141117,Avg,02-D01
5.575523690042125,3.65630116717948,14.684707670108525,4.876041957818345,2.4241168194817435,0.44599502452199596,0.7809518906224466,0.3455806585004038,0.07051355494221478,0.0005752412472709037,1.4605944665390194,0.6637633333965769,57.159670800477244,0.36293259945030876,3.2933685677291713,0.15181310016785313,0.7401769488761388,Avg,02-D02
5.878493989461414,4.52316031780861,17.807132103059207,5.264768105307825,2.8803337783195735,0.39478140587600374,0.5912682880164517,0.43611708023401474,0.10587465453183545,0.00019719029724546452,1.3175584563374159,0.6471645129368497,57.16387271055307,0.1404781599671292,4.382682157841481,0.07882465585085716,0.7107381559011503,Avg,02-D04
6.035727616048053,5.27381483069252,18.809067815393362,7.304832492990741,3.5537391722445997,0.368082075837159,0.6524017668113578,0.4641066196975088,0.10948487497390995,5.5461046496272276e-05,1.3922302387778422,0.6167906375255404,57.14297117657487,0.16319234113410008,5.11062248955842,0.02621012337720731,0.7099540282971107,Avg,02-D05
5.386121934025945,3.4487081896326313,14.823156130105765,3.6180207321730746,1.722198812846764,0.46848181551975854,0.7544763993540697,0.3589607003194072,0.06862278960514946,0.0013807535767305509,1.471269324390844,0.636788067795333,57.16794294966596,0.675190337468651,2.7735178521639803,0.1733282211672384,0.7636354098722787,Avg,02-D06
5.705431090089351,1.7005762350340028,15.262774888744941,8.039882570698532,4.290890294436574,0.48529674855259886,0.6698722129140756,0.30098068234329495,0.04637522067662631,0.00042670284283592984,1.5135320443936622,0.6382993156044414,57.15466093357378,0.2845883789597057,1.4159878560742971,0.26423231819031806,0.7063611789148796,Avg,02-D07
5.67489603105506,2.128929984967275,15.646079476901715,5.962875277121373,3.1016430464971108,0.5301781511720365,0.7613211254955963,0.26798604634700457,0.04134053823972249,0.0015101469842399996,1.3367410831687745,0.7349738257936052,57.16672147734302,0.5131712856703743,1.6157586992969009,0.3176878307615785,0.7426684715824945,Avg,02-D08
4.544578484503479,3.4082413972574273,8.721141046703979,3.0519345492239536,1.2006522722681332,0.479156336318698,0.8108812904517457,0.39363328029966177,0.06633636505056466,0.003535677633978575,1.4297016964969909,0.695831059498638,57.13090902428707,0.31472490692109556,3.0935164903363317,0.17260668037672203,0.785705992260674,Avg,02-D09
5.035780492512428,1.888735647431858,9.589735726326982,7.192428103064058,4.141953072350311,0.5025952663813662,0.7636710319713654,0.28701234453495617,0.04575109299045965,0.0005023452520762794,1.3417268158536788,0.6550721884847291,57.1662465530913,0.2386935214974688,1.6500421259343891,0.3063321541915788,0.6988583785711536,Avg,02-D11
5.048442219134836,1.820187894133964,14.710959823095394,7.959716091813357,4.306885854579504,0.53306512925025,0.7684336432377605,0.3113152702520843,0.04281503392240872,0.0005822547820327947,1.4064962715326854,0.6153253839562876,57.14310613865622,1.062018533540245,0.758169360593719,0.37076848486503655,0.6953617736354633,Avg,02-D12
5.6210052589616195,3.548351862378535,15.488460130014234,4.269094681237216,2.2412412582629035,0.43539143521800405,0.7010234667957358,0.3301089156633982,0.06529583796977738,0.0011642824213338955,1.2676027182827854,0.7272442743895284,57.16889322126404,0.18749761349011962,3.3608542488884154,0.1284847467849038,0.7422981236511044,Avg,02-E01
5.531778714161142,3.4276730008258802,13.394195761636686,4.5765992599176295,2.2191092087971294,0.44471570687436474,0.6843392257430421,0.38237391946906274,0.0773325679553438,0.000681182489484174,1.5132113113643508,0.6455166034692474,57.151820064373254,0.2960540908802898,3.1316189099455904,0.1422994401017099,0.7471319736470196,Avg,02-E04
5.687489435194572,2.1725630697836955,17.160954391474217,9.241891732241799,4.8258391725175285,0.46447489807144654,0.6688482396233772,0.3079620674870098,0.04830316267167338,0.00036938230524708636,1.4217876959550666,0.702820446853516,57.170115304638216,0.3967294256838141,1.7758336440998814,0.2373723877050421,0.691577408437851,Avg,02-E05
5.652448691300102,2.280280331945532,14.713834216671449,3.8107888472009663,1.9665134004554885,0.5943576924624795,0.7830344654320267,0.32091962874029145,0.054129296309875105,0.0019246220253898493,1.4964160025062407,0.6620606557577775,57.17004740209491,0.5440305810348889,1.736249750910643,0.3998703360436035,0.7888450488813555,Avg,02-E07
4.493121797942782,4.328400435677064,7.304180682194325,3.25521661677584,1.5933462215204461,0.8516895420376104,0.9010695076041719,0.4513440574837218,0.10415187945604815,0.0002468351782913164,1.4271524804887288,0.6829891922592846,57.155608303081856,0.15523875722325098,4.173161678453813,0.8091097149671705,0.8942693691080502,Avg,02-E08
5.253556257827798,2.0639543569611796,11.948830628855772,4.631092880369297,2.140985119632948,0.531567431946132,0.7388369621922968,0.34046555684233637,0.05778938597802005,0.0023050124219593914,1.4817747726310615,0.6650662599059862,57.16380490554272,0.3803018312951476,1.683652525666032,0.2913920786730052,0.7717427852192588,Avg,02-E09
5.915375271564849,1.5363514379980696,17.29662709244464,12.355816964242253,7.212371530661953,0.5235500896866306,0.7358245495910077,0.29089725740013717,0.036124478583179076,0.0002831001105221164,1.3824023141650839,0.7222699003803112,57.1662465530913,0.6022875395403116,0.9340638984577581,0.4465039667542356,0.6005962126190257,Avg,02-E10
5.486291239068852,3.724647055597952,13.461041666693069,3.1670259490769843,1.6505807192131912,0.7008448989235001,0.8683870105133209,0.3372481166539569,0.06447696514596063,0.0015938424358836207,1.1433619805006408,0.6736673348750148,57.179359955099,0.34611559644820034,3.3785314591497517,0.5689579820875152,0.8327318157594849,Avg,02-E11
5.399801081312626,3.6023268666547317,13.49294284214886,4.3755045582150425,2.3012626177416715,0.4700186217657128,0.7858112268991854,0.37018605846141145,0.0728776431854688,0.0005880582288191166,1.2989612708225287,0.7344782356738238,57.17004740209491,0.8192894531105868,2.783037413544145,0.1858424724262846,0.754194771105141,Avg,02-E12
4.949920555367156,1.8556793865576413,10.617164872513028,3.9276630577590335,2.0394277609733082,0.5411201387439571,0.7753466129417632,0.2888017305660927,0.048789319271231216,0.00270979961760502,1.5192112374842741,0.6163419357733465,57.172968170565795,0.5345270942864566,1.3211522922711847,0.3132558860186568,0.7689843914692576,Avg,02-F02
4.906628825108945,2.8590078121063964,10.283812066312992,6.1760473877026385,2.418753291742732,0.44536028031340347,0.7539666766127051,0.28398017413394017,0.04675306219691369,0.0009440661716908587,1.4804093725622285,0.6468031932559899,57.165907353277355,0.6426034745138196,2.216404337592577,0.17402348083067715,0.7166970797961298,Avg,02-F04
4.906264178221187,3.781250265965756,8.961577877813832,4.921897551256259,2.0206633369548053,0.4003902611958261,0.7413389999521423,0.4324322284524176,0.08924431165096654,0.0002799074597796598,1.3599805309872581,0.6326493441865123,57.1522934135428,0.12247134549150296,3.658778920474253,0.052284234743797814,0.7484962876478544,Avg,03-A03
4.8585841158814125,2.7629908669816032,12.498070198926195,2.8261218335821146,1.2829644919858791,0.5371555316113256,0.7835571612849239,0.37125511370301945,0.06585949586719889,0.0018809006394094022,1.3149804388617514,0.6373723969455407,57.16719645353593,0.9616249784691302,1.801365888512473,0.28625217321402224,0.7880588900086288,Avg,03-A04
4.494799253000255,4.175734978600403,7.800847850575372,1.80475475547215,0.8912082156231083,0.815159493673723,0.8853827244226188,0.4335678810891134,0.09740857520802805,0.0004066803918216859,1.4301572899231307,0.6941686294469551,57.17779513832038,0.305833134605459,3.8699018439949437,0.7461695088208814,0.8841494785265647,Avg,03-A05
5.214352140960051,3.226060075675697,11.432745599104223,4.038263927009248,1.8709877654482252,0.7754789959114843,0.8221649208056815,0.3271089336425366,0.06474592198956575,0.0020532343535373267,1.2474576299923417,0.7045987773694098,57.15723284604927,0.313202289736493,2.912857785939204,0.6986080245215095,0.8523499673014592,Avg,03-A10
5.264895943571525,3.2541608969857716,12.80870403147592,3.8720913071859604,1.747678334067588,0.48042404875359007,0.7565137370036477,0.378826260264231,0.07294421866503908,0.0015055694045638692,1.4262104315869515,0.6972825472046371,57.140610018818705,0.4144889182744489,2.8396719787113227,0.19947254601453365,0.7613755514926465,Avg,03-A11
4.717118059816819,2.578172651654107,12.227481626061447,4.229602310211821,1.8816421845423996,0.4382679946393431,0.7631212087314498,0.32708571587945384,0.05366481101335502,0.0018823361647689965,1.356533971940117,0.6708434111100438,57.1831723030516,0.5636668717787074,2.0145057798753996,0.13039337218980177,0.7461426170888844,Avg,03-A12
4.816359209799151,2.47387957073796,13.943595741029236,6.33756901313093,2.609274086128813,0.5021855553515079,0.8015295309886352,0.300625724414958,0.04021988077904085,0.0032389454423697693,1.3440732159173503,0.6630472819455355,57.183444741720244,0.5181790214748521,1.955700549263108,0.2626950133718084,0.7416760973312074,Avg,03-B01
5.304789376983464,4.512143363204602,12.316960867172485,7.067089818941754,2.739474218420043,0.3868691429565222,0.709607002767316,0.4297715725464988,0.0925719903040423,0.00011231059371612539,1.391648070348906,0.6986512523541482,57.14675170112804,0.24023670864581526,4.271906654558787,0.04007765637651561,0.7336606295365288,Avg,03-B02
5.565831987190877,3.6583409094080537,14.848006057050535,5.861307084537152,2.9536990250742736,0.6219553421184142,0.7058286910055915,0.40524036477283987,0.09183772198780883,0.00028432972557456906,1.308346048950178,0.6577861778067444,57.171337731997454,0.1595079367185921,3.4988329726894616,0.46317293260766396,0.7807377516291645,Avg,03-B03
6.200032156191522,4.041893742365362,22.8672204866748,6.320184232242017,2.7183279012932013,0.44546791882073966,0.7190743494268806,0.3797743851144145,0.07238313747983884,0.00045936276122606677,1.3098835646285292,0.6645516766553554,57.14398349443115,0.4283201231067242,3.613573619258638,0.1514243055389652,0.7395115321025142,Avg,03-B05
4.969376624423692,1.993218556504809,12.000748939817518,4.1212179450205175,2.021686794484682,0.5891434704254427,0.7996318596775205,0.29916614101773625,0.04692886482601209,0.003960241064332744,1.4092213206569184,0.5874278275775096,57.176434886233295,1.027165892824419,0.9660526636803901,0.39589473200136027,0.7823922088495251,Avg,03-B06
5.63906995656269,4.097149684588952,18.4337575504301,6.205115499858714,3.0476271922280653,0.40390062432774343,0.6928675616507645,0.3909935975698733,0.09244005479961047,0.0001514860325630418,1.3180338631008526,0.7378241282631061,57.16658577940005,0.5765648617044166,3.520584822884535,0.11192014302057013,0.6958811056349167,Avg,03-B07
6.248572247774784,4.129329108332097,21.81961294361317,4.406743200068221,2.2887734757225386,0.44030687334491714,0.7083882021943411,0.3881264356522141,0.07632340656748633,0.000521926990424409,1.3622430524872988,0.7022906295145875,57.16346589636931,0.44269327180724183,3.6866358365248555,0.13823854707966504,0.7423751996101693,Avg,03-B11
5.678434595676766,3.0646866051173323,14.699516813354585,4.250032332889084,2.2219018619172286,0.46798605492006906,0.6940001192631211,0.3735807767794153,0.07735033889581264,0.0005076558466380117,1.561433455023498,0.576938720485717,57.165839516493584,0.24676298753974812,2.817923617577584,0.1951539846700438,0.7408181251700944,Avg,03-C01
4.1611564129436545,3.573957191732614,7.260140756999168,2.702529068259443,1.0325133124285897,0.4512948460013784,0.7964328121804822,0.4486947880796066,0.07907835928421779,0.0013388215941611667,1.3599956842111927,0.7248473887114774,57.13878943097199,0.1915743586071299,3.382382833125484,0.12103635798042621,0.7815533340223306,Avg,03-C06
5.307745757283549,3.068342272054272,14.211219369530358,3.084522565130409,1.469966667682632,0.5145979788586056,0.7561824255985385,0.3690683680034554,0.07138366122276153,0.0011361397370919454,1.3406811107698884,0.7094217424153317,57.185829309367065,0.7028426636984904,2.3654996083557815,0.25702604983485017,0.7721699078823611,Avg,03-C07
5.370567417098428,3.167594999089756,14.323307136667161,4.110651280958834,1.8716379264998126,0.46023178539400045,0.7139306111028199,0.36577577754626095,0.073562561603237,0.0009243915241907299,1.453834897307296,0.6824722114172125,57.16807869002182,0.5533650653956297,2.6142299336941264,0.16913477914404285,0.751328791643958,Avg,03-C08
5.81117472674519,4.344247838349354,18.939636288054153,4.349357784083608,2.2480351495597777,0.40833449129652927,0.5947573561834779,0.4597146063523238,0.11095684999438084,0.00023390056123618588,1.3518863407311772,0.5543177050095025,57.08252680907363,0.1914570528827113,4.152790785466642,0.08424792615699676,0.7324210564360618,Avg,03-C09
5.185774712578756,2.413995153355563,14.549616008081022,5.187125601526255,2.2824564728557046,0.48833843396300225,0.7244300337865722,0.329376562779864,0.06132743143465291,0.001364873702270002,1.4220247769324326,0.6055628335487584,57.17493910085402,0.8096261123168667,1.6043690410386962,0.24359758413984073,0.7330792837861637,Avg,03-D01
5.850575134604626,2.218546010883262,16.04286607769816,4.2217023164787095,2.189612857351797,0.5477588883306248,0.6886790406891867,0.39508264843930707,0.07809504759829967,0.0007458660741279425,1.4425421357651103,0.6724052606753146,57.16421175148501,0.5082720779571961,1.710273932926066,0.3233822148231765,0.7721355618380731,Avg,03-D02
4.971665324661853,1.6149813186022293,9.49993623057606,3.540126348320161,1.7616313693437289,0.5736878348662127,0.7877674320190778,0.28511330353198155,0.042275156433819634,0.0030350449637665216,1.5158681012697288,0.6210592795320743,57.16746789182822,0.8165821461278728,0.7983991724743564,0.3596898292302144,0.7876858405022108,Avg,03-D05
5.248777095773089,2.960146389534108,11.023225538912333,3.7302201480950354,1.7653419459529338,0.471077862034661,0.7503380592808366,0.36498064167502625,0.06971107271444776,0.0016922232198659606,1.4247695875112125,0.6993350842560421,57.17881560705009,0.5181202355767702,2.442026153957338,0.17538163786322628,0.7667740862060958,Avg,03-D06
5.125407752323576,2.769198888416211,11.450803649674707,4.420089272553996,2.1750411656590503,0.4612249815294063,0.7433753711619593,0.3887265191575593,0.0742620190385358,0.0008291644434374771,1.4084167617060521,0.7052267438755006,57.1662465530913,0.29672075708659307,2.472478131329618,0.17206901601424343,0.7503809470445691,Avg,03-D08
5.63285708692952,2.3796682066106403,17.43664890266353,6.096962969473973,2.9149519354098996,0.5192131382449817,0.7155953701530646,0.30900304348053337,0.05336940633985072,0.0009374947337861678,1.397228097826145,0.6694887833300763,57.1284871577307,0.767601430122749,1.6120667764878913,0.3111852429790609,0.7272410335109025,Avg,03-D09
5.209090735438344,1.3416741026188852,11.646510292004402,9.94876551679662,5.275318503797341,0.5157172643731985,0.7496343833878425,0.2834840362442995,0.03499167776986835,0.0005744342264806814,1.5517735696121933,0.6107647440300196,57.154593272230414,0.52692678078024,0.8147473218386452,0.38297467075278896,0.6484598579936081,Avg,03-D10
5.177735627731224,4.745203057760694,10.201580339587057,2.9477768919312486,1.3842682181582848,0.3975289348297262,0.7123028827225696,0.45532930269446675,0.09992403345948095,0.00023791059239981638,1.4072025303777025,0.6311379337413641,57.13811533280909,0.15147998316221223,4.593723074598482,0.03678245529866311,0.7582754143607893,Avg,03-D12
5.893809648896637,2.9706634718561222,16.942090589524035,5.9526932612934695,3.36322372072138,0.4379833062053731,0.6483457688983281,0.39441052938465765,0.08734746729367478,0.00013472948659651936,1.3791367997579165,0.6977271497524492,57.15648818842204,0.31484822139268687,2.6558152504634354,0.15902816107478554,0.7169384513359607,Avg,03-E02
4.721371415192772,2.753842253842298,10.257072489421637,4.06143744101624,1.5914080687120855,0.4837066019149663,0.7808065117486315,0.30903228608216543,0.05097764160582319,0.003909658746735034,1.5083613206643107,0.6393936895694425,57.14877833668726,0.5622488995278934,2.1915933543144046,0.19417120312081082,0.7732420007091217,Avg,03-E03
5.611082156557231,3.3345478737717453,14.144350751475546,3.653257515081008,1.911774052550787,0.447208882981891,0.7014520695197997,0.3763561685883647,0.08073071430624439,0.0006533544555065513,1.482191282750597,0.6614597974280993,57.161500164842295,0.3916840227596623,2.942863851012083,0.14677827301127916,0.7476394929525029,Avg,03-E06
5.473668420519882,4.553527865092265,15.714159124116382,3.479420114536742,1.6864240259618786,0.41624106563044344,0.735166654164639,0.4090544644010141,0.0906597726519442,0.000496949354550041,1.3322341388750396,0.745468363575697,57.176910926002776,0.3509522773422802,4.202575587749985,0.08343512916089556,0.7490470020999913,Avg,03-E08
5.0051545825783625,4.1103560617606805,10.175234638882092,5.369547682452625,2.3084655915416463,0.38884748407002573,0.7018649900304007,0.44865322704617466,0.09004026353316194,0.00016584178075523522,1.3646675234459005,0.6449136219439535,57.17045483328061,0.25678172114987063,3.85357434061081,0.03678935168389794,0.7409056164561535,Avg,03-E09
5.954718937517914,4.089124265742587,17.60064694458725,7.776857709170063,3.5695446109742623,0.40675903147940595,0.6437693904609445,0.40556632998723874,0.08587073062920438,0.00017976406706507009,1.4278857420038409,0.5524252616086893,57.167535754052174,0.1672985164549221,3.921825749287665,0.09555416504478943,0.7179638979140225,Avg,03-E12
4.736070330022655,3.2588630848241724,9.188568233462522,3.5826088245443635,1.3862037498277324,0.44579410543594067,0.7792740295142319,0.3426620673151722,0.06174287398775683,0.0020732250750724523,1.5847957034532247,0.6047297028351004,57.16889322126404,0.3898518214948501,2.8690112633293223,0.12521459648125516,0.7663736143906261,Avg,03-F01
5.267157962135446,4.932532746260582,11.082072617764554,4.659874091941112,2.043967799066381,0.37829921127754557,0.6877134629783497,0.4642440148924238,0.10398097244056442,0.00010701024365658058,1.277026396803164,0.639482279804691,57.14452349378722,0.09804787177540497,4.834484874485177,0.015414009702557763,0.7411844128525333,Avg,03-F02
5.343603435705218,2.8827772166037953,12.348827136079104,5.464158976102338,2.631910365196682,0.4564629936988452,0.7068737975502015,0.38080997137705136,0.07405743722117318,0.0005453019901788782,1.4431975395611976,0.6860679152544724,57.17167735622563,0.4007432067028329,2.4820340099009623,0.1721917365059247,0.7407342508917657,Avg,03-F03
5.8826927116301855,3.684920417708412,17.221891366942383,10.658171286969722,4.936574560294775,0.3898051796271447,0.6108791900167642,0.401968013245283,0.08370112246723106,8.278159764392504e-05,1.4488187602303795,0.597797396450285,57.148237808060074,0.20979653281224486,3.475123884896167,0.07863530588687986,0.7009750533674096,Avg,03-F04
5.178374295118033,5.098476599909476,10.270390091564078,3.7493762163173434,1.771879671290988,0.3768605656608439,0.6642709617911675,0.4709910747536578,0.113199041617712,9.313337245168664e-05,1.2925460166403733,0.5925830992258244,57.15554062697737,0.04911062385518594,5.04936597605429,0.009607564418098503,0.7441135669035893,Avg,03-F05
5.2763654237326385,3.5689170572514968,14.492562728762772,3.325504475502573,1.464065771324974,0.4490970289707832,0.755541475075225,0.38257844469057917,0.07266981070766179,0.0009152946197379266,1.3380890944096921,0.7339073514741843,57.13636316710341,0.5030525252334996,3.065864532017997,0.1325266943506762,0.7656673635908902,Avg,03-F06
5.752613688326047,3.855544013190636,15.959562958830396,3.14933295246393,1.6036449530717787,0.447664127045817,0.7154498023405061,0.4210734352763408,0.09121234058893146,0.0006248772661616198,1.3031965641816043,0.731030816341806,57.15892572474771,0.43087755261387883,3.4246664605767574,0.1351530883821107,0.7601751657095233,Avg,03-F07
5.380826350939718,1.824184569689569,11.848124041151973,5.646078126155976,3.1108150346672736,0.5257807729671363,0.7308136079883557,0.2924521653436343,0.04936869637801208,0.0007735810111033019,1.4886416865202898,0.6566674443486897,57.14034025393785,0.3076352579042432,1.516549311785326,0.31178670657439916,0.7397748393598734,Avg,03-G05
5.102537309071986,3.7733117409708887,9.8743207303822,3.0944679621487694,1.515081186711183,0.4128778840332504,0.7226616495447981,0.42552544851750035,0.08692170352214475,0.0005467446675850328,1.3273331036402929,0.6533157302795826,57.144455990195695,0.18995913923239716,3.5833526017384916,0.06888598799839911,0.7568697800681017,Avg,03-G06
5.464724634754955,4.114775461562576,12.872937387303612,4.310370291751782,2.069679470342654,0.424913651650489,0.7218169088140158,0.4121316128722944,0.08645029728809826,0.00044222231456194245,1.3414491230938839,0.684532753718063,57.16970790530248,0.23869031518059192,3.8760851463819836,0.102911532266857,0.746915771034121,Avg,03-G07
5.691488130820282,2.7255617405737045,15.765208195754244,4.213640818423518,2.137857903995505,0.47254463891659143,0.6688378378711346,0.35189731332931756,0.0711904541455352,0.0009933115692099424,1.5576277116511936,0.6267025133551922,57.18542043334459,0.41080045192262027,2.314761288651084,0.197016253519018,0.7480730243141649,Avg,03-G08
5.633429805485066,3.2479212516482736,15.325239217081434,4.351161775630622,1.9349453757064028,0.4525623798597054,0.708019741838361,0.333069342742274,0.0673485593175147,0.0009215940123284219,1.5165611623199997,0.6494268541466617,57.15601438185685,0.46466705646069784,2.7832541951875758,0.16587593699084952,0.7392488227285612,Avg,03-G09
5.161098696898342,2.9179037166953226,12.956624405008439,3.5322980337516445,1.6601759661026771,0.46710800028147303,0.7252643775345787,0.3764497676569391,0.07320433902592735,0.000943092492084957,1.5587979864180235,0.5827393128792286,57.15811306061855,0.5346756431970174,2.383228073498305,0.17258180153514774,0.7616341990277983,Avg,03-G10
5.705313571473109,1.7865304785245826,16.456416906968226,3.56035699967938,1.969265728743308,0.5805948872662461,0.7227830371739211,0.32959550187058617,0.05809485465066677,0.0010334547649798994,1.3976555148779026,0.6892697996326169,57.159670800477244,0.8007053709196654,0.9858251076049172,0.38318766882121125,0.7780021057112808,Avg,03-G12
5.260229449496676,2.950865508383208,12.188510245277971,4.137702405124275,2.019501014487391,0.4423166640344457,0.7100267153336138,0.3695812617934713,0.07742098605129506,0.00042040009241926633,1.4941481064362983,0.6640936925808871,57.15012995265621,0.32746910035629817,2.6233964080269097,0.14123268789147364,0.7434006401774178,Avg,04-B01
5.732769041388157,2.7406548807402444,15.289905422374359,4.434034005182304,2.4578860985874864,0.5163297885157376,0.6679268953423458,0.362056985326783,0.07762975131471052,0.0005299244330219339,1.442886608541322,0.6658322676434627,57.162787957401086,0.2880171594106038,2.4526377213296406,0.2847079506104828,0.7479516264209926,Avg,04-B11
5.2591723966174895,2.658479357646563,12.710220932338949,5.357826505992523,2.5614134892063944,0.46055442271168767,0.7407348105746732,0.32741994137075886,0.055521764073336304,0.0014894264974686573,1.3826509493534338,0.7116712518572763,57.16835018346208,0.30597359073411035,2.3525057669124525,0.1772771941258246,0.7438316512975508,Avg,04-C12
5.504814131939673,3.1204118562307954,12.81110283163851,3.1004244297896872,1.5734791823068341,0.4968723120212264,0.7452514701850479,0.3276292890192634,0.06719623790430557,0.002663491851361868,1.3915622754472148,0.6526321560806974,57.177387017957756,0.20925736255652616,2.9111544936742693,0.21947640606659868,0.7742682179758541,Avg,04-D02
6.140807554328691,3.3078047460101434,20.214622010429707,4.206147086987287,2.240469525894565,0.4733288552401501,0.6843355749434695,0.35586469796736125,0.0752724002811471,0.0006231864933041245,1.276796178444601,0.7213693156133167,57.15601438185685,0.37226116181902036,2.935543584191123,0.20030707993396682,0.7463506305463334,Avg,04-D03
5.413825980335655,3.2166527832413703,12.775585949343862,6.977876875651472,2.975062423307963,0.4317751672343316,0.7386784674737032,0.3676043800264968,0.06063724951266077,0.0014088988976682924,1.430901510871859,0.6475379808582378,57.157639076759565,0.2944020517428605,2.92225073149851,0.11881193357457137,0.7447384008940919,Avg,04-D04
5.439362404841014,4.154164104488097,12.27765420216178,3.9544711060861624,2.1318545491207197,0.40672436622209013,0.690776653603949,0.4253557322809176,0.09219849545550449,0.0004990751012105347,1.1738451501425526,0.6531134945804473,57.16760361733655,0.12843867805561615,4.025725426432481,0.07823291236949205,0.7352158200746882,Avg,04-D05
5.834937519890587,2.7978818478203387,16.211339188857714,4.09711937592384,2.0561972546355896,0.4880087788838891,0.6866301892994534,0.38825619963980035,0.08085302100517584,0.0005695481025923656,1.4631131835989215,0.6464794076550812,57.15357847855604,0.3039520846391124,2.4939297631812263,0.2130730503976361,0.7629445073701421,Avg,04-D06
5.390653304097769,2.3441450017052468,12.539915832159933,6.632775378039708,3.312875013793877,0.49020662193621445,0.7198511276609575,0.31147566111996705,0.05420037207062228,0.001200595789875241,1.4309101403669624,0.6719528731186561,57.16177124733326,0.34757369245730985,1.996571309247937,0.2522930364180655,0.7281202074543635,Avg,04-D08
5.748670793653485,2.755952446094879,17.636969366358386,6.477292265054019,3.1683322993151486,0.48761687075665805,0.7038062008283256,0.34513357364100966,0.06333490163188939,0.0009134220773572904,1.4309995870803331,0.687031678916248,57.176638896888036,0.5928939180021295,2.1630585280927495,0.24462005717830698,0.7306136843350091,Avg,04-D09
5.528380986828199,1.38053916968431,13.133290965189158,5.180834696369304,2.878354344678035,0.6460685757214546,0.7184180992356343,0.27978566194918736,0.045775580271942375,0.001212416811600231,1.488967956835828,0.6662041861538914,57.157571369002376,0.46125253153777024,0.9192866381465397,0.5212380222133315,0.7708991292295778,Avg,04-D11
5.832940849379497,3.341732032041463,19.377265457632536,4.5343460949584555,2.382304767229421,0.46648667063891547,0.687730035395371,0.40189483894501793,0.08736346175542183,0.000337150869830149,1.4155916338098402,0.6866101542595662,57.18501159581301,0.5875911584349307,2.7541408736065325,0.20223313509877888,0.7307402061790521,Avg,04-E08
5.869909248202201,2.1474318224035063,16.818820972775114,5.207075298357257,2.8913413149812786,0.5084215781463497,0.6481404124628334,0.31418050825975974,0.059436273902807576,0.0005977172640134091,1.5022169072345581,0.6227281362342396,57.146954322131414,0.2314515690323855,1.9159802533711208,0.2782625301056207,0.7385806261870786,Avg,04-E12
5.681043636506768,3.7576346031757133,15.174090118603644,3.5830805339403224,1.796643637596684,0.43407210471870206,0.7011473272734827,0.41424936878834934,0.08950284318766283,0.0004477396186996659,1.4012850358812927,0.6890429977846158,57.171609429255234,0.2798859299292591,3.477748673246454,0.11863416719027756,0.7495100422471266,Avg,04-F04
5.593507111956393,3.37586897578246,13.67353269727363,5.188412123387205,2.7223846097432136,0.42342499142688206,0.679379060547961,0.3946202988052443,0.08087223639514109,0.00031918446980446787,1.4100871058188462,0.594079550806722,57.19503921157838,0.11717189466369504,3.2586970811187648,0.1220439755505294,0.7248060073032347,Avg,04-F07
4.586421806057384,3.4536630667008943,11.060462980657329,4.239735047122584,1.7096821315843909,0.41916701171184056,0.7506484827644526,0.43288693166387066,0.07890143279244548,0.00028249450804829375,1.4004605870164388,0.7027099121212155,57.081196066523454,0.4110996264762914,3.042563440224603,0.08038628677870359,0.7579477366449775,Avg,04-F10
5.422937741998761,3.8034305841023244,13.759998510826835,4.333699257125356,2.0035980482026092,0.42477001630127914,0.7067971894529388,0.4411095299868856,0.0890874526007519,0.0003548272396714634,1.3845679062479972,0.7172411287813427,57.16129686407772,0.3391894668459816,3.4642411172563428,0.09935700619605704,0.7501830264065013,Avg,04-F11
5.752805796161761,3.166954336751415,16.98288960274117,5.259288704602198,2.5378200161767124,0.45099471644280364,0.6895861219004267,0.3442002703351042,0.07370080945480151,0.00026226327026130806,1.4263598857035005,0.6950161995281094,57.18181036600596,0.5993072117418698,2.567647125009545,0.17922996498233135,0.7227594679032759,Avg,04-F12
5.81333970172221,2.561761070339971,17.006731915902236,5.045117474788183,2.4505019453124177,0.4737145306607932,0.6805552139379788,0.3453049283180815,0.06884905142496026,0.0008096233715470676,1.458187707062585,0.6790888899633766,57.1425663154936,0.4169181902103105,2.1448428801296604,0.21922401689845405,0.7282050444231324,Avg,04-G02
5.697112920926307,3.0609813763707745,14.653836011848043,2.945493287630872,1.5299935045431663,0.5122680822415112,0.7409504587074806,0.3708781745909336,0.07777476636254861,0.001123232120651896,1.3975578411512886,0.7123710432247649,57.14972442369529,0.5211389853532857,2.5398423910174888,0.24752389817974424,0.7770122663032781,Avg,04-G04
5.392845683489508,2.7170547442139075,12.577029329984615,4.744499276330038,2.4940042157180793,0.4458425177641851,0.7165904362080153,0.4184896219277495,0.08139899170653239,0.0002782241031351815,1.3915632194633383,0.7017279475731557,57.172628445383125,0.35753015511500763,2.3595245890989,0.1507135758478372,0.740971459680533,Avg,04-G05
5.9150101388664025,3.512839384208048,18.33089663247955,6.991619566246161,3.375454685879972,0.42743396917559784,0.6419950167807597,0.4338369620619592,0.0947597222640707,0.00011952225384795737,1.433509558125313,0.6634748644316146,57.154457952706025,0.3235806774243617,3.1892587067836864,0.12452264010867296,0.7303452982425227,Avg,04-G07
5.993141842116698,2.9980304768412864,17.816682686831417,4.270969214997925,2.334946467486536,0.46560338920598243,0.6206569145446705,0.38684693105272294,0.08630699346267105,0.00038279263101510596,1.4583128833123826,0.6586078796187231,57.14148687042491,0.3294084547869005,2.668622022054386,0.19369995281740454,0.7375068255945603,Avg,04-G11
5.534869187943942,2.954870597742108,13.445101190343088,4.9877665154932895,2.571449663259431,0.740466068286961,0.7185220151465863,0.35467981773213303,0.07841063233380477,0.0005952121304626981,1.4504326760113955,0.6473019872837122,57.161161335521626,0.22460270243387015,2.7302678953082378,0.661992396647695,0.8189397399262269,Avg,04-H04
5.560304492774957,3.032823283595077,15.420413256954198,4.5908602676365735,2.2829932021275257,0.4628071255217612,0.7060083970162323,0.4039970659559215,0.08178526165943996,0.000261665481773028,1.4354069179550182,0.6943485552960645,57.18385343177047,0.5244091176196068,2.50841416597547,0.17716732862585957,0.7484469224176628,Avg,04-H07
5.934716583628861,3.14049149498298,17.771885082151996,4.3698053702017585,2.33140471022275,0.4732233423782838,0.6749682347029189,0.4056281764616484,0.0880473225178639,0.0003660345493050935,1.4140783715136718,0.6933129384112805,57.17242462302873,0.3928648289606951,2.747626666022285,0.20037454735312044,0.7460721374034471,Avg,04-H09
5.351224253184017,1.9206313761148248,12.939393870975238,7.780913781963518,3.800984175717838,0.47563327166302516,0.7120321002862835,0.27358563855546225,0.04041661613321314,0.0012340795253060397,1.4835359763753564,0.6681558833525976,57.11405128356149,0.44250502733771313,1.4781263487771117,0.24969965984671405,0.7015668834793363,Avg,04-H11
5.957785042167276,2.000153507809827,17.285428528434657,8.787597814096621,4.630195152051658,0.5074443814212967,0.6601999834983683,0.2802230769234535,0.04473892520473524,0.0004196924227215954,1.592092637125387,0.581758724642631,57.16896110576382,0.28065234019983265,1.7195011676099945,0.32067641563917443,0.694212347203419,Avg,05-A02
5.6577641513449,3.1688624522631894,14.809189597048578,3.5200139344441252,1.7615270035710566,0.467892964145431,0.692979154865684,0.3787596619825966,0.07974864722444536,0.0006502709480350773,1.462054790936413,0.6661465562535587,57.184125913171926,0.3345001265538432,2.834362325709346,0.17657680714439028,0.7592091211464718,Avg,05-A03
5.550708896150823,2.60453451428819,14.472344595046195,5.164217187923597,2.4730917971820774,0.474242898802936,0.7155574237057581,0.3313436023382908,0.05790633320235444,0.0017596980891892492,1.442607745766244,0.6490691207325989,57.14999477212842,0.2788004808141764,2.3257340334740135,0.1947913170590722,0.7536944805467999,Avg,05-A06
5.579068826233355,2.943390659005173,16.943902246847358,7.568211116749542,3.1371118351543963,0.43976863759077334,0.6433712849686906,0.39890024944063274,0.07178062054580175,0.0005453752084788643,1.560596891007422,0.522769313208262,57.17201700701495,0.4028423320784107,2.5405483269267624,0.12795715382366585,0.7515801213578808,Avg,05-A08
6.125241082600261,2.6104158804230533,20.873298786449517,8.600962633394811,4.412257397662594,0.4728271531516619,0.6392219226917828,0.32008294275035687,0.05888419738040854,0.00037097989463372204,1.481239252706509,0.6614158264641959,57.14452349378722,0.34033373113087784,2.2700821492921754,0.2448717053492554,0.7007826009540684,Avg,05-A09
5.975898181155801,2.139970213231619,17.832297968541074,4.809037396444973,2.551555525151201,0.5754125755626553,0.7124888901871418,0.3666970854801885,0.06728430526311774,0.0005563524475818212,1.452113059999451,0.6742248227426896,57.173443830471754,0.533093825350166,1.606876387881453,0.3773478605660148,0.7734772905592958,Avg,05-A10
5.359396332121303,3.370134537373609,13.930692072530663,5.483655167828821,2.5733511280802315,0.44195005563913115,0.7280973766289325,0.40045991473978876,0.0800445684394274,0.0006185595450513687,1.2833757112159199,0.7153286639828607,57.15148198940749,0.38465947695366154,2.9854750604199474,0.14036922935440332,0.743530881923859,Avg,05-B01
5.870694495634332,3.3112077963039663,16.905986740156877,5.970036785251088,2.8671660475252443,0.45340872129775023,0.6536737578846658,0.3502825700130356,0.06976032442418621,0.0007594269371519643,1.4910593724633103,0.6377706648113954,57.170251112909895,0.2607862279221749,3.0504215683817915,0.17015511347209808,0.7366623291234023,Avg,05-B02
5.474370511288024,1.2638663121996245,12.754729471205598,12.093423015853052,6.701562419852673,0.5822243502547922,0.7212724660341818,0.30351105532367634,0.03614758199772561,0.0003213540446264144,1.5770228299159288,0.6057135580750634,57.165975191120765,0.5522722156023647,0.7115940965972598,0.5415070127977932,0.6229416877117913,Avg,05-B03
6.008562011187941,2.1971562559107856,18.957223990326735,10.518037724253286,5.492127004361872,0.49070721400833084,0.6280318175997692,0.2937901424503509,0.04697466283934964,0.0003693789025636242,1.4409515180307602,0.6288634853030141,57.14931893259772,0.26762616227210323,1.9295300936386823,0.2825821420961355,0.6988322859205262,Avg,05-B04
5.8752994126525655,4.848852239782813,16.40565198819697,6.435841710779078,3.268189018580301,0.38117615253579035,0.6056758662214479,0.45535816570633497,0.10947720384695707,0.00013388408012049183,1.3036457217460393,0.5788821179461556,57.154457952706025,0.09589398174287389,4.752958258039939,0.05222918119994058,0.7101231238716401,Avg,05-B06
5.973063499868608,2.650450240532342,19.068364019663697,5.449144482784436,2.6374324200022885,0.5250783231847276,0.722324870693648,0.3272158442741809,0.06351076398840239,0.0006764401743491064,1.4382642699775072,0.693730450503421,57.17765909393809,0.6506666789801283,1.9997835615522135,0.29378154566851,0.7563751007009452,Avg,05-B10
5.458709946766423,1.34709510161216,12.359412920679327,10.112305000518768,5.480679113845861,0.5825122216840688,0.7812761306755798,0.3012507209911753,0.03746039674884469,0.0005548908504415146,1.6320007133977426,0.574634824333126,57.17167735622563,0.33581101466747754,1.0112840869446824,0.5019875509289962,0.6630368924391414,Avg,05-C04
5.249844823625316,2.3840076650890047,11.813103233585368,3.9691705851317076,1.9650324082375314,0.5088318378611996,0.758294723253423,0.30690866474470263,0.05652051802494308,0.0024432621203066317,1.4714832129307722,0.6582996758860559,57.15141437757231,0.25365378819373063,2.130353876895274,0.24987183463662543,0.7677918410857736,Avg,05-C06
5.468607028241348,1.69606210511742,12.907325468133784,6.098856856681928,3.212674932397095,0.5367636885434048,0.7005272614130744,0.2835860743569259,0.048385127629579194,0.0009581064133527186,1.5213831132552291,0.643716452092622,57.173579742871325,0.31604083686329076,1.3800212682541293,0.3332103810871555,0.7403169959996541,Avg,05-C08
5.4607827642775,4.1763601946916,12.968734074667564,3.8952872296057754,1.8572944155020035,0.4116104017235697,0.6961755584675529,0.44681749524547787,0.09840256925450455,0.0002459046715791155,1.3370362045859412,0.6724313624468624,57.15770678557236,0.17618431258529998,4.0001758821063,0.07179613501325702,0.7514246684338824,Avg,05-C11
5.407968802695001,3.044026087523111,12.264027720597328,3.7056555016910253,2.056188895223461,0.46721386160667955,0.7193557628968251,0.3866859020133765,0.08114157030026976,0.00045632297051302953,1.4766399797954362,0.663582850328845,57.161161335521626,0.3144362629133646,2.7295898246097465,0.18050884792887417,0.753918875284485,Avg,05-D04
4.777450405987671,2.1959365988033355,8.546459502570734,2.5364685904826385,1.2653149220205404,0.5467742912595166,0.81156949675447,0.32278316729026457,0.05873120185870264,0.004171557234554754,1.3495438465975615,0.7291462959395565,57.173239969847145,0.3523424893560083,1.8435941094473272,0.29654175716167597,0.7970068253573571,Avg,05-D09
5.656460360870277,3.746768501871287,14.495190999489155,7.594986350293374,3.8024448033545295,0.3903755600901786,0.6427576732373088,0.45173825816261115,0.1024099897815228,5.252183326811719e-05,1.3327356952733844,0.6144687132112604,57.156758958240886,0.13252461297807905,3.614243888893208,0.07022840696556537,0.7105227132147919,Avg,05-E01
5.422369252153353,4.889040928551331,15.591494825011662,9.059414198436262,3.4986176793724413,0.3900701752160683,0.697502904239661,0.46468036036790417,0.10241177951264575,4.8843013396975186e-05,1.3786459902360493,0.6884269083716997,57.162449027598,0.2505281848654741,4.638512743685857,0.045089840173904834,0.7350505102582318,Avg,05-E02
6.3366423110630254,2.407706021354258,23.137368432429174,8.575269601380825,4.513499006600453,0.5105878856959413,0.6211201624271059,0.3070109216809178,0.055862246496922105,0.0003889925733599371,1.455852440211093,0.6817935970551878,57.160890291096926,0.44542682197620564,1.9622791993780524,0.31537568196858096,0.7058000894233016,Avg,05-E04
5.576868997117185,2.8215638753917265,13.949920275188761,5.738295859588756,3.100422670072036,0.447716791686102,0.6752696301232148,0.3738291957001671,0.0815373540146953,0.00018942279535540398,1.4398253363652829,0.6661483339688625,57.166110869986575,0.25481115665014364,2.566752718741583,0.17136879652536957,0.7240647868468344,Avg,05-E06
5.76320661475465,2.5350675114781698,15.385116197217167,4.586541158140279,2.3657161638802777,0.531311397815303,0.6907792402959796,0.39767016141877143,0.07804888778872371,0.00041932090657160705,1.5763051052011683,0.5811138113567005,57.13804792874717,0.3802446542965363,2.1548228571816335,0.29527439662542754,0.7673483990051784,Avg,05-F05
5.8890481186346,2.384832370912786,16.740911085529994,6.70074657740578,3.2872008155995345,0.5019209228898525,0.6625136409381518,0.29395922363997395,0.0522434387375753,0.0010792696199978587,1.5508284661114293,0.6125036317483884,57.178951687665986,0.3536775913365968,2.0311547795761893,0.27532440281370296,0.728517442966002,Avg,05-G06
5.634251510665148,2.8196824775903426,14.762919929349797,4.013371973002384,1.9801721758796225,0.5491190267751578,0.7578633722793822,0.3379722117644467,0.06341435761053911,0.0015131901392362733,1.3379661142061372,0.7405043070791266,57.166517932018515,0.7776865127144923,2.0419959648758503,0.31803881830317476,0.7801992352471407,Avg,05-H02
5.496732830783048,2.284121161022693,13.145757796780678,5.505417833933055,2.5951233191578624,0.5168962835603862,0.7189699042324393,0.29551900472644843,0.04802846968919857,0.0027095936132801855,1.554523852585068,0.628672672519297,57.17908777254592,0.4217794886169326,1.8623416724057602,0.2815525788995599,0.7522399882212125,Avg,05-H03
5.637637915783875,2.4499489932069363,14.87413246535055,6.03164043629537,2.975251368150055,0.4917121343281184,0.6880495839081666,0.31439975026291517,0.0600326851010453,0.0013834878094394236,1.46744753095471,0.6620059341273379,57.147292044812524,0.35357548751769663,2.0963735056892396,0.24175428427860526,0.7416699843776315,Avg,05-H05
4.892061158744311,3.8185239560151327,13.274087108058918,7.211167110717686,2.6474443416616795,0.41225303312298756,0.7228628795606831,0.4323166446196943,0.07582623739958762,0.0001898070567696824,1.4724359710922794,0.6647329593754381,57.16936843504713,0.44423008586587365,3.374293870149259,0.0782447549191996,0.7462613113267755,Avg,06-D06
5.534927643696655,2.881970125322054,15.313429100189154,8.954147647292324,3.554512560359126,0.4415066342955584,0.723131376991259,0.3052857540965498,0.04795616767724268,0.0013588294276688645,1.457883204299726,0.6743939655845502,57.166992885949526,0.49951488124359855,2.3824552440784554,0.18534804559868703,0.6976652229924298,Avg,08-F07
6.719809552868044,6.785819600409764,26.935850557726074,7.513304996326599,3.753603546075801,0.5231028702047108,0.654811628973422,0.8709767377838569,0.458856671269469,3.097401291571707e-05,1.584104503115467,0.5030967148634107,11.749548584773484,0.26514206326603684,6.520677537143727,0.05851999470442415,0.9876857457049975,Max,02-A02
5.323120306581437,5.348444191219459,14.005884206355118,7.887638508689408,3.3329311132941686,0.545259661016476,0.7677441757805126,0.5768033323571216,0.43342122427754165,8.706628766892561e-05,1.607706860843146,0.5944646861765971,16.54753508608422,0.15605187800010967,5.192392313219349,0.10616257097121083,0.9843567510617414,Max,02-A03
6.029715761874985,6.038353889551824,16.679100304745305,7.461301819020245,3.975225698585429,0.541513419687149,0.6487166225656953,0.7144437620361219,0.4410609675297682,0.000240109422033685,1.296424473361039,0.5092538478916173,13.63076871466362,0.1433565239923258,5.894997365559498,0.09445622490176964,0.9885706144725281,Max,02-A05
6.9251201357823975,7.088426996385222,30.650819389639647,7.728641935701856,3.696395345437792,0.525881083937788,0.6165978433712376,0.6726990993482672,0.4847944364497157,0.0,0.9829773529006659,0.4521556592705931,10.932225141642819,0.16352125303322929,6.924905743351992,0.05177074053753747,0.9999914273380386,Max,02-A07
6.252031673084971,6.283203733706049,19.56846331507057,10.516127589869242,5.614219973912113,0.5060854106091398,0.6370730245615741,0.9363219619807938,0.47830543126473185,4.510067077560486e-05,1.3710244289724147,0.5022119294116872,13.068217114493649,0.045467157709990325,6.237736575996059,0.013486069983307479,0.9986847512349722,Max,02-A11
6.995967499747779,7.096585324306245,32.29916457311679,14.068297387301586,7.077587801987736,0.5149907095905805,0.5830150742647782,0.8624470673148412,0.4552381974228851,2.4360601847872575e-05,1.0912597696774518,0.49484300814331794,12.374418937428866,0.14263624926223173,6.953949075044013,0.03168715588982407,0.9982942632913369,Max,02-B02
6.353962060159981,6.744240401435473,24.04993750635935,8.209067693012633,3.6064180450565244,0.53797413220936,0.6374563944712149,0.744648396304695,0.4823749251271288,7.80222472871433e-06,0.7878999697857423,0.4537892787255359,9.466076026694845,0.3974064479888284,6.3468339534466445,0.07632706795707193,0.999621196461648,Max,02-B03
6.968507617886977,7.054552217030015,31.295877141235582,17.49454411834996,8.680278059141342,0.518909828920843,0.58925121254165,0.7843507910655064,0.4100756599319419,0.00018970862957055259,1.074423744485327,0.48264796966121243,10.569508276234643,0.2783690392766083,6.776183177753406,0.04941074262342872,0.9884089152182574,Max,02-B05
6.787183701639037,6.8959359290329125,27.26331617939423,7.782174178842688,3.638321339223987,0.5388408291765088,0.6419647557292514,0.6900668942509065,0.47870914743315546,4.3939134203772716e-05,1.0594035161755264,0.5275970298835724,12.812171486476174,0.11621654759046152,6.779719381442451,0.07820080870249785,0.9994808496505198,Max,02-B06
6.277207976270127,6.41469442821212,20.522903847761718,8.890200415478953,3.366159205358088,0.532782708205204,0.7175595322757745,0.6769267329434581,0.399523028105277,0.00021769503322030434,1.4553600879235193,0.6450251081639247,15.328669969288786,0.422959154162605,5.991735274049515,0.1008447673484636,0.9647206490619444,Max,02-B07
6.747592156543037,6.832333032959932,26.638180033648922,7.119307375170123,3.5978080813861344,0.5934986077481057,0.5052605786580643,0.6339059946240523,0.37339502677936426,0.0013633911542424132,1.1115581183314207,0.3713528191656725,13.905409384147012,0.4593502880018221,6.37298274495811,0.21258948272828865,0.9744077327679228,Max,02-B08
6.805583647365401,6.998398623230044,27.935121662615803,9.74643831323781,4.477692327925686,0.5554477828011232,0.6743198099558858,0.8153317325409631,0.4169013744611148,0.00013023979377914876,1.2378661784231757,0.5550373739072747,14.556042344322762,0.3411352412777138,6.657263381952331,0.11820057413330459,0.9926949914689417,Max,02-B09
6.646220144950894,6.792731064581211,30.15286395389745,12.409429007717318,5.892539883486396,0.5046676487162622,0.6228217988203896,0.8548648398899008,0.47656233996986264,0.0002340198566068086,1.1128757251118753,0.5208345347275143,11.931154793680346,0.160054364442626,6.632676700138585,0.010238190930415687,0.9990971065021088,Max,02-B10
6.20989353805511,6.39153554813261,18.69090022777106,3.707289414737641,2.1114772776233535,0.5283866865359758,0.7198234934106135,0.7737550146556704,0.4894602078179387,0.0,0.5328019600662675,0.6534692849586038,12.440309087777482,0.1816420100774998,6.20989353805511,0.056773373071951516,1.0,Max,02-B11
6.23132897204175,6.269458498105083,20.72091869285445,8.339298680176407,4.441394736230566,0.5283977471527108,0.623044670502926,0.6079192005543187,0.4364384057312013,0.000417727191821588,1.0029076992808261,0.5054719568539257,12.106940442452325,0.1355905574154903,6.133867940689592,0.0629627187878632,0.9938327755175583,Max,02-B12
4.904395019294051,5.07323953886738,7.799565471121211,1.750512141120029,0.8926116209362879,0.6028098094498643,0.7789426319568928,0.39999846069334877,0.4634690032850774,0.00011964023140891342,0.45516325178025635,0.5702376024901417,15.926202350087266,0.18538899843572487,4.887850540431655,0.20644113376154688,0.9991784851381816,Max,02-C01
6.574924435524856,6.718096146201591,23.57114206085041,9.107714531345199,4.578368724961171,0.513419125263811,0.5160558330275198,0.8418618250725199,0.4517732938785645,0.0002494614307182762,1.1267541796559621,0.4364698310211682,12.065969480423302,0.16998414949816265,6.548111996703429,0.029348577172908213,0.9974896733547137,Max,02-C02
6.358927322611141,6.35472633724942,21.88944171536683,6.598909028244763,3.567242113371582,0.5777259006631928,0.6545311270854034,0.6765921041432201,0.46210410889444536,0.00031107987928689863,1.3258995858144345,0.5191857966369621,16.081789118107658,0.14250926447054013,6.21221707277888,0.16256489505687324,0.9928869062695125,Max,02-C03
7.209509588390834,6.475736471730457,38.393057276443955,11.97139045373563,6.253617023089499,0.5158601938035502,0.5661983473435227,0.7716505774680171,0.14943601260405057,0.09675531503718007,0.9707531709036528,0.4165713112542148,9.120481496529099,0.10200947603116717,6.37372699569929,0.032380601618613655,0.9993397859884868,Max,02-C05
5.788307078675945,5.887545122233199,13.664866508355887,4.424264043487328,2.35477420993117,0.5357251021876032,0.7053873746219695,0.5820580956325808,0.4826303973491066,3.90957816559472e-06,0.481730263260278,0.5713646606744005,11.498808280118197,0.09963278214398308,5.787912340089216,0.07146348606672358,0.9999867183084828,Max,02-C06
6.790320387415861,6.794173997083164,29.198348287059183,11.147240980958792,5.907042003341287,0.531790891554215,0.6059431269318923,0.8208859244663441,0.46173488866035206,0.0003568583946256774,1.420557997967539,0.5663123003190328,13.892718380035715,0.23712943905052697,6.557044558032637,0.07632541664334815,0.9872563664650819,Max,02-C07
7.041546894616419,7.1333610041479325,33.63072472603247,10.316438341387048,4.930920317369888,0.6300227058493373,0.7033853208016806,0.7271116548600821,0.4715163528285462,1.0445874810579151e-05,0.9975579844083742,0.5525426184843433,13.589456664273245,0.09274797011188163,7.040613034036051,0.26007195983005393,0.9999734518686207,Max,02-C08
6.7573561717665065,6.984965870422883,29.185423959220344,4.351824370323331,2.4195454170311956,0.5703328154461197,0.6900886192067454,0.5882155998542016,0.45252365986749316,0.0005097946125079548,1.1253872541291707,0.4914675007805701,15.154976476911756,0.2638655290139269,6.721100341408956,0.143609767680051,0.9970558632121884,Max,02-C09
6.734552403558908,6.792640942557861,28.38689868288933,10.9649968094772,5.332858499247125,0.513502956191039,0.6135197034524321,0.8343255670271654,0.4518857496574805,0.0001412550088000672,1.3778675439296917,0.5446589911099917,11.689926942091056,0.24181309097987125,6.550827851577989,0.04197469221050923,0.9850312201715687,Max,02-C10
6.699180593436976,6.755210593494377,30.59834844038341,10.407865411594454,5.785801151267488,0.5313873771894899,0.6064628988093995,0.7528757764705264,0.48882372026569726,0.0,0.9753211533195022,0.5046308180757806,13.2437236993751,0.056030000057401,6.699180593436976,0.06277475437897981,1.0,Max,02-C12
6.430583203605886,6.523665101834359,21.887484470093195,8.372598292766828,3.943269952633661,0.5203276768914085,0.6806737171771875,0.7807345513844582,0.48723809483190583,0.0,0.9425684093923508,0.5645617468236526,12.990701782297451,0.09328049134182947,6.4303846104925295,0.040655580562464905,0.999999773220352,Max,02-D01
6.5207051716175135,6.583261493204754,24.95421482460379,6.3194506774173,3.305357724469774,0.5247249239919788,0.7255944654885778,0.647051319199364,0.4524260812316315,0.000581697265868411,1.3580534443381733,0.47572114371627744,14.420726897870095,0.18309648611039542,6.400165007094358,0.05818115349889812,0.9912686944850594,Max,02-D02
6.97670919908562,7.002992952158092,33.0066998500366,10.054430290720793,5.483598879138695,0.5133490878870413,0.5712984435957664,0.8932780382024389,0.4743068326589792,0.0002800179339165999,1.456264948300919,0.5064790514368391,13.406821247521046,0.10898220333651132,6.8940107488215805,0.031157935062429795,0.9955402407116527,Max,02-D04
7.136629611669516,7.166067105866755,35.60823185318335,14.331080650789698,6.941374544170171,0.5032967079915615,0.6256981998353222,0.931671940852967,0.4735783606175969,7.016196216327362e-05,1.7717278890767134,0.49896324257686336,11.933677864597268,0.1564917352779993,7.009575370588756,0.015766245280323506,0.9908271707027994,Max,02-D05
6.108141584279134,6.064500037060346,17.09516948767329,4.993931657020276,2.401439441451131,0.5378282251540554,0.7030669938448186,0.6678474852665899,0.43913702150227724,0.0012918859316634046,1.4301569203306728,0.540274264473552,15.120935438406935,0.4506154713509396,5.613884565709406,0.10220842477504144,0.9734480255330694,Max,02-D06
6.710979027309705,6.835226625368297,26.428236488903238,12.07432909240851,6.116132949413114,0.5316736178017769,0.5924579584303199,0.6607659175351657,0.44148313863183447,0.00043173046382761294,1.1160512824778983,0.42535081538578134,11.923019322783855,0.1686036105920632,6.666623014776234,0.06728736732664264,0.9960598682769113,Max,02-D07
6.551660372120859,6.794126099308567,23.429921282853027,5.828046701149679,3.012243306971055,0.5530844326134793,0.6895123202165676,0.5523138910149429,0.4808372150802217,4.586246170092781e-05,0.8278265755335863,0.5463773950378329,13.042003689268045,0.24505751592256075,6.549068583386006,0.106257751435433,0.9999111137915256,Max,02-D08
5.533028518362887,5.625057445860505,11.7348609656203,5.558103000025351,2.192361681825868,0.5391406478904638,0.7622254644414932,0.815010336406432,0.4728099294837045,0.000731004800826278,1.2311679527927235,0.5073716504846171,13.624771091057347,0.16379115360878949,5.4612662922517154,0.08149452903215496,0.9967867667487725,Max,02-D09
6.0043201464736455,6.040909789614194,17.532199484398745,7.331213159092486,3.4995420174981398,0.5449521399331041,0.7003427344110533,0.514636476935597,0.46678843234452566,1.9055042671827876e-05,1.190008779170757,0.49608378883353116,16.108312370859387,0.0475371353756362,5.9933726542385575,0.09151476756992769,0.9983895122962806,Max,02-D11
5.356954435930857,5.392246340273415,12.807613059169839,6.69750605282806,2.7631625541479634,0.5568734025670572,0.7157730636374744,0.40070441276640556,0.3831364170981899,0.0016815074783016754,1.124471585262622,0.5304249717741109,14.706694736333915,0.4100799100264485,4.982166430246966,0.14253675428515464,0.9712100508489597,Max,02-D12
6.6909808532538,6.7678167288365625,25.614442489055794,6.781719680759163,3.5463722915670512,0.5234376115355375,0.6506371022569892,0.7184458992339466,0.47822059907851505,5.4477465039067625e-06,1.3757775827739143,0.5746678356363523,12.277895277024713,0.12206397087043364,6.645752757966129,0.049268652021039167,0.9976065710500358,Max,02-E01
6.521366635685461,6.634362328985226,22.513076486598194,7.478695570671024,3.645310311867932,0.5269131803351105,0.517793803268403,0.7731129596468906,0.462613345604107,0.0002972179445071126,0.998963161860076,0.42481182142711815,13.1476129159636,0.1374111089744794,6.496951220010747,0.055060176471693194,0.9987661841985277,Max,02-E04
6.553749024003498,6.636837898944573,23.87853321845674,12.369264690384751,6.131839646862523,0.5276303125408711,0.6119729885850186,0.6338067026056962,0.43959371995661994,9.551939977686197e-05,1.0894996766542395,0.5067182829189575,11.062506095847118,0.16414176680834025,6.472696132136233,0.05905813382606172,0.9962024912556806,Max,02-E05
6.500812514573914,6.570884624797832,23.000624585236093,4.643926489183182,2.389865455651594,0.6016648083189176,0.7146139784787116,0.5612493584935324,0.3894347445920895,0.0014123878991449913,1.2791320142084408,0.464263775353665,16.327776556399066,0.35178039556219787,6.219104229235634,0.21979155323405328,0.9835380634037819,Max,02-E07
5.550804913058558,5.513231990520184,11.992735121048273,6.169662139882628,3.0549548694720374,0.7832254589445231,0.8451167016786627,0.9287337314102603,0.4697534244607161,0.00028398444909538256,1.5470794174609745,0.5240800225436989,17.839916073524044,0.08282772817899264,5.430404262341192,0.5724338710182677,0.9940170468707785,Max,02-E08
6.23808737189038,6.44535630652408,19.323620383092813,8.35327488972718,3.6317744037888886,0.5581113572923818,0.6611235798631321,0.7303973544406643,0.47216553093832137,6.898960071651756e-05,1.0069709284381472,0.4504105212046912,12.436614897648381,0.22388876156650284,6.221467544957577,0.11733557661984688,0.9988871379649168,Max,02-E09
6.573936340862919,6.676002611172442,23.833453191433527,6.834209700740675,3.465910322267659,0.544396601590881,0.6438097341442537,0.3799336374215796,0.4170985456759915,0.00033820838355007446,0.8677652146552335,0.5250576942969881,13.376222298840208,0.13566761517959414,6.540334995992848,0.09197050011626604,0.996822703065496,Max,02-E10
6.577766188449987,6.827328116295114,25.042595302218082,4.765677307876329,2.511691623300843,0.6568351161765864,0.8024113916518733,0.711060783686011,0.4791531879093329,0.0,1.6892428715524428,0.575653222186674,15.859658155916136,0.2741125504146087,6.553215565880505,0.31513613156014286,0.9985341007930301,Max,02-E11
5.864099524297193,5.977172623106519,14.2531679467354,5.764524841412539,3.1912236416978197,0.5392298611915289,0.7197229948575334,0.6998542314592073,0.47293152947144657,3.156839866833908e-05,0.6002855571720351,0.5580312774533339,13.973216153423218,0.12026416648707183,5.856908456619447,0.07895335238810391,0.999506369994954,Max,02-E12
5.722188832863923,5.736553382921097,12.949162700159533,4.806953556831533,2.404332627847625,0.5654190866842173,0.7043639968836666,0.5917345851473456,0.46297965827141213,0.00040319602350178096,1.367138762143552,0.49131541526373873,14.980863415848429,0.2234935633839772,5.51305981953712,0.14505384147319,0.9857843318952446,Max,02-F02
5.616302931595337,5.702100597878571,12.379389271058235,6.3072041398283725,2.451144910066067,0.5153529249174821,0.7034428265482239,0.4726445022242804,0.3483293967558225,0.001826465164835263,1.2054960096350773,0.49089602025640405,15.858232521428704,0.27460019388676926,5.427500403991802,0.050337117367849876,0.9803687324671143,Max,02-F04
6.030223834919504,6.0983063269365445,16.730440984750206,9.611586116346265,3.9224917409606914,0.508338395250828,0.6930965055793965,0.8956470902566988,0.4721045794780413,1.5421136981723463e-05,1.253195392736413,0.4793701784728834,15.903268517429453,0.08870919604195304,6.0095971308945915,0.017570257450330518,0.9991065330513256,Max,03-A03
5.171300767957447,5.2657591880677925,9.150274927098987,4.796868224167401,2.1736611605879776,0.5702902496235909,0.7191089324915594,0.7005148443313491,0.4727551261821865,2.4777767787016734e-05,0.5703665164162035,0.49300261597529316,13.633927032403887,0.1271881807674511,5.138571007300341,0.14172483721936252,0.9988556620278193,Max,03-A04
5.408590203007899,5.379757255720609,10.342796261650522,2.7774560736777336,1.5408870705889075,0.7484853340736475,0.8240978166862741,0.8646801182346523,0.46776595048249775,0.0006096297136580013,1.1379766591550395,0.5029127648562828,17.32439590201703,0.07515776714159728,5.3045994885790115,0.5006339137863878,0.9963367543609072,Max,03-A05
6.2773749546334265,6.4822896978274525,19.923340188257956,5.832573985777069,2.833001164102634,0.7046042989883474,0.7538577944242488,0.7172274086463473,0.47868024733595177,0.0002460971586278525,1.1152059959510994,0.5516209668252385,15.138869758128987,0.21394554591970305,6.268344151907749,0.4096831671419382,0.9995254308347568,Max,03-A10
6.103460230845745,6.186684451136693,17.023730052008105,5.5855109707534085,2.6249031895820996,0.539341389326735,0.6913483849644447,0.7168436387197865,0.4704105169458933,0.00017911318902822976,0.8629624049992277,0.4920465057914073,12.143655690972796,0.10527639864805138,6.081408052488642,0.08019777948657816,0.9984849991668919,Max,03-A11
5.439843621112113,5.542458658835063,11.348813106016514,6.115065566655587,2.8381243862266263,0.5207428321540786,0.7050721248837676,0.6641489198447947,0.46756156840918583,0.0004248958891039137,0.8360791817435197,0.5058130579383197,11.407924467635958,0.1623818036250242,5.380076855210039,0.043187833301915425,0.9982978310062417,Max,03-A12
5.721720019590911,5.720861112144254,17.97460563692734,7.9904378090597525,2.463473819531649,0.5447422435160798,0.7608206643865111,0.4682693240209931,0.37309784339768937,0.0033409576075913916,1.5589589815121356,0.6654575296531917,19.381676038384644,0.53233218632265,5.188528925821604,0.14024107729889831,0.9492434097332614,Max,03-B01
6.330468708517846,6.391321762236446,19.86880567251277,13.266175071575288,5.169359627550704,0.5038971352415064,0.6649971856253266,0.8439351991898897,0.42442097845953075,0.0006832379611986877,1.3595216424454302,0.5300220627744563,14.011594266065284,0.1492561407497499,6.242065621486696,0.01203793179049413,0.9957563386925187,Max,03-B02
6.65763513916888,6.728467221376327,27.251550366581714,10.160717708011239,5.102569909924842,0.5999557089332653,0.6380504454966303,0.8350898652010914,0.4668206868513704,0.0005059086967354448,1.2461697820244444,0.5071284350261831,14.878413988211301,0.10693728648673151,6.621529934889596,0.2019477620842071,0.9979636557823236,Max,03-B03
7.260230959945691,7.561766594729503,41.4422626437862,11.141562487358701,4.740302878772182,0.5246297227117195,0.6567810622793877,0.7712432656318894,0.4101936893738143,0.0003858023959531297,1.187753354176083,0.5116896765212484,13.052073540090056,0.38967514964990535,7.172091445079598,0.05430479411478922,0.9949546513086497,Max,03-B05
5.3236746688979135,5.241046120409628,11.263405571678277,5.430221808548566,2.2661434787968973,0.5940231073609714,0.7510183518081263,0.5215086331825863,0.3697231378144826,0.0017531981502870672,1.210591047985477,0.5460144194910037,18.93209882483779,0.4942424141522146,4.746803706257413,0.2300690545808176,0.9579771601411251,Max,03-B06
6.325341832899637,6.412624488406037,20.94124505745845,8.147374319859384,4.34533329139868,0.5114154813205013,0.6314561891471053,0.7224526886921115,0.44721465257564536,6.779066246568371e-05,0.7506386633066202,0.5563947478790752,11.785435315823197,0.13175248784694737,6.280872000559089,0.02390459117470445,0.998926371466298,Max,03-B07
7.164330915672245,7.37516205682476,36.087807509546685,7.044353260043945,3.7964244644264316,0.5272721240139294,0.5212371743450235,0.7734434875962337,0.480745431459265,4.67204240600922e-05,0.9196963899633444,0.5144400951495363,11.5953468057193,0.21806466324726514,7.157097393577494,0.054826503226619194,0.9997177448012396,Max,03-B11
6.796566163971855,6.933724673143361,28.41597234635035,7.803284515966658,4.034592767210026,0.5361937552323967,0.6193925098724267,0.7896765136179268,0.4302370620700422,0.00017335408758897936,1.403032071316047,0.39654645578821734,13.984840897261094,0.2807222832904053,6.653002389852956,0.08320409954078706,0.9891834109240063,Max,03-C01
5.240731184537176,5.339971106369059,10.886968575107325,5.033049622378297,1.955623030274976,0.527015548132728,0.7526163998853557,0.9127901644129878,0.48334736458473215,0.00010180092680059769,0.9600094552776497,0.5328382060815496,12.719440405166187,0.10440111583354383,5.235569990535515,0.05420453544226104,0.999826560823195,Max,03-C06
5.868500803596362,5.969672254546231,14.921672231665891,4.484224085907145,2.249350355822443,0.5553054977235595,0.6841045947270684,0.6863704204330471,0.4644103518404219,5.549903944612161e-05,0.6299811719974416,0.5269987053524456,12.922022882099766,0.11471127174180928,5.854960982804422,0.11111969892288402,0.9994912965242351,Max,03-C07
6.174662644105059,6.358481364021426,19.3033598648274,5.9197619613022825,2.771991090348686,0.5305443852309566,0.6346643211414318,0.7164502105534937,0.4444593953335872,0.0003964306162655066,0.9035470282966516,0.4722014733808604,12.973825040004659,0.2238122881737059,6.13466907584772,0.06322088833112166,0.9978678821307915,Max,03-C08
6.895059176772362,7.003765359674111,37.754998147760574,8.51267544550692,4.395605491449463,0.5157500063007645,0.5115635008888264,0.9361766291807171,0.4786869203720917,2.3325786177974644e-05,1.4164992490502326,0.44157161875507384,12.526124849549964,0.16161527645033402,6.842150083223777,0.033856461993115934,0.997643550608413,Max,03-C09
5.684664695976548,5.6615222647324615,12.845149909361485,7.028099556186771,3.066558239424624,0.5385681555832389,0.6778896734993782,0.5806171761118197,0.3594433846709123,0.0011687055508107255,1.163308588030096,0.5311874562233138,14.316753624139238,0.3177888964037159,5.343733368328746,0.10771089630053941,0.9694254148659385,Max,03-D01
6.683025363456513,6.861379806700805,26.916683330521206,8.078960088191986,4.101338496243034,0.5706465440603108,0.6106769670481723,0.8174163275237707,0.46017919778195443,4.316982459785101e-05,0.9823234257099245,0.46869442398911476,13.21501132618671,0.20764749222708723,6.653732314473718,0.14205815457559523,0.9992349335450262,Max,03-D02
5.511529685555363,5.713424887503707,11.53800415799209,3.9212062842163276,1.7622843868400466,0.5811389719360938,0.7097809724455243,0.5258774998207475,0.4695326304918276,4.487061824904891e-05,0.7242116821690572,0.40913546922317146,14.125561345324273,0.20540653696904698,5.50801835053466,0.16241274744316447,0.9998651964290232,Max,03-D05
6.015541931471293,6.13991503084973,16.47319012752185,6.3199112483683315,2.8645008734333506,0.5368824908540067,0.680951269478923,0.7643459565861083,0.4827000349478521,4.7936994668482226e-05,0.8369508709371152,0.4911411530788458,13.906782777533982,0.12867488468238797,6.011240146167342,0.07389742942313178,0.9998675522848818,Max,03-D06
6.1407963280315805,6.236742884829465,17.51284865556448,7.552876580140654,3.7895197934654936,0.5327253689785306,0.6772561986235451,0.7851022589187845,0.46454607647292395,0.0002196331965950893,1.360912863803866,0.5387052183635893,15.27721944510284,0.18690661083323334,6.049836273996232,0.07053642491708292,0.9949143130399782,Max,03-D08
6.207245348133239,6.17948708226752,18.463682259697528,7.310264805007681,3.505106049450758,0.550392183025483,0.6545430015807272,0.563163828707508,0.361105987341495,0.0013202951036884111,1.2327094935251957,0.5809143716932341,15.158945983192993,0.4581940248724692,5.721293057395051,0.1445503643049316,0.9562340017460343,Max,03-D09
5.969786190837659,6.0328103825448345,15.39093779750536,6.428041002099577,3.2568595118460313,0.544531651560825,0.6619101816967801,0.39739721233562514,0.37493107243174906,0.0008579734032125875,1.107698001642866,0.41298397692983524,14.16483201049082,0.17284626635285427,5.85996411619198,0.10188826064035565,0.9871750424812943,Max,03-D10
6.2724385893793935,6.337278204320139,18.9843208685137,5.654152284343908,2.6578520757694486,0.5097264916015554,0.6670849333034421,0.9316988405001068,0.48331026461288823,2.117974578234177e-06,1.1596240404988631,0.4577660420250744,14.63057568172588,0.08109702850418454,6.2561811758159545,0.019792794502878432,0.9996601887002323,Max,03-D12
6.8413570475293675,6.930068103977229,27.92203392744241,11.059613012328843,6.234352513792343,0.5236317132816206,0.5916617709081494,0.8360204098562413,0.4575117649707811,0.00015408618005708475,1.0724243600336,0.5097481411838094,12.881615963407892,0.1309379208175958,6.799130183159633,0.04902221634007425,0.9982412102231669,Max,03-E02
5.5139107628067485,5.601450002403626,12.782826033122435,5.567422865350379,2.09190046812307,0.5378305353303917,0.7282143875535592,0.6045219564805373,0.4085037100345923,0.002172165832048157,1.2807690502545965,0.49495685370169523,16.69006367276166,0.34662672572375186,5.254823276679874,0.09642999539979065,0.9792310752609927,Max,03-E03
6.591119601345721,6.705144343810471,23.470391444828994,6.291709953098738,3.354764927747392,0.5280098072274738,0.6114125345772575,0.7929776325205855,0.453222948838825,0.00026540594468166023,1.5080626537584665,0.49690197225668786,13.831121718334611,0.27693833911411225,6.428206004696359,0.06748046483829125,0.9885391496166565,Max,03-E06
6.442876417399116,6.49787096463608,21.235437660429557,5.84486654988755,3.017454586943678,0.5141318492540926,0.6918803684872922,0.8308588911898311,0.45739606618836764,0.0005411324774131585,1.3358161796910408,0.5995243980154433,14.16101226054778,0.24138140831880506,6.256489556317275,0.040659777079284525,0.9876039214289006,Max,03-E08
6.121708681838922,6.310426051808867,18.70520011328716,10.564604268014458,4.515419898263546,0.5057750214987209,0.660920354020982,0.9199806401299465,0.47826040072295634,9.058486196524708e-05,1.4193804610062597,0.49368041803145835,14.674446880162655,0.22797848073075233,6.082447571078115,0.013397100721533113,0.9981529422759087,Max,03-E09
7.134941276472716,7.312085269126453,35.151486785109086,14.51472295997707,6.617945343012651,0.5130653398181764,0.565522808685599,0.8404255655074481,0.40364150812336724,0.0002204104414871739,1.1886487554648149,0.41229832648482473,12.257999059161317,0.21062262786609764,7.101462641260356,0.027473494416868173,0.9986571852194847,Max,03-E12
5.757891216967997,5.916716102511846,13.867956187619946,6.231664810280242,2.3989328902493434,0.5205140587107072,0.732085146472655,0.7282141873401933,0.42232769534190057,0.0006550409808245719,1.5390186383478297,0.4765927416102487,15.780475229113744,0.3355241518669114,5.581191950644935,0.05399837307129616,0.9870297443501184,Max,03-F01
6.390702265117618,6.416348481808956,20.850835013040474,9.168241290327556,3.988964804303127,0.5021215792160951,0.6562422083169407,0.9488379546123226,0.480850649591835,1.57690633797353e-05,1.4917924666883713,0.5149113933064441,14.38731073084945,0.048031599661617186,6.368316882147338,0.006406202874837518,0.9978369555573526,Max,03-F02
6.227674368954158,6.334436897089886,19.373458924529665,9.68309169028205,4.609510493592645,0.5288956035466632,0.6274920692186351,0.7824900283078483,0.4348518360459857,0.00037712311261843843,0.9667271996613158,0.47920227811154037,14.586690418434552,0.1391621165913648,6.195274780498521,0.05924706326476596,0.9985441438285604,Max,03-F03
6.983470880611861,7.063390258324525,32.24013649576299,20.25256180832463,9.33773925770604,0.5056389715193501,0.5721160513042458,0.8357335717771152,0.3221629232735618,0.0004719919065628348,1.4847413156408416,0.46119694556173263,13.648307374420616,0.27616156931171787,6.7872286890128075,0.02364947542437956,0.9876284676143208,Max,03-F04
6.332880394615694,6.350921742016911,20.015000386191815,7.305415159525226,3.44169901007609,0.5019343250170784,0.617898222971768,0.9584031586573507,0.48342710000144457,1.9119396777925353e-05,1.4057157680736914,0.47508272647674743,13.987270954184932,0.03250097235117444,6.318420769665736,0.004417568937025569,0.9994510810971311,Max,03-F05
6.102222622107018,6.1236916904761465,17.19195523890827,5.681792367065962,2.581586890722164,0.5272177544672618,0.7019058290450859,0.7530096299769172,0.4160284565327056,0.0004221961841085586,1.1917849663074644,0.6081595843180021,16.32318624470562,0.3369891450457043,5.786702545430442,0.07133089832727929,0.9831046106072443,Max,03-F06
6.7017599882237455,6.92200591701033,25.429881700846753,5.848649082160404,2.9937666906247613,0.5279092675992998,0.6644332099645136,0.8733807718021096,0.4842529912352719,0.0,0.9580785396460889,0.553966156074941,12.234573338214123,0.22716659915148618,6.694839317858844,0.056088482211900596,0.9997300529866989,Max,03-F07
6.341962481248975,6.3844221473040275,19.755542455320214,8.116193440632166,4.322360577138383,0.5540654550278905,0.645888571144385,0.650371291364297,0.4345380397547463,0.000674446224792073,1.2601408741078812,0.46482663176750205,15.736488066181103,0.14652903651210458,6.237893110791923,0.11697420922987155,0.9911567008259095,Max,03-G05
6.195922341333899,6.302529730862184,18.13338319660018,5.771205816931255,2.8383764696072546,0.5134180297235481,0.6656002608911452,0.887765679563179,0.47908803521753657,8.703428860373432e-05,1.1687564606348078,0.4966255302350599,15.781281716747586,0.12251105550193131,6.180018675360253,0.027486605562571393,0.9993494538845248,Max,03-G06
6.4999901269326585,6.591296250454583,22.431368843824796,7.880248287220654,3.7649366068178174,0.5192683224003465,0.6666693376178454,0.8483663642008334,0.4672063907120642,0.0003421240022084001,1.2103194681454799,0.5157144022801842,14.82265224250992,0.13331670722069688,6.457979543233886,0.04083915452229122,0.9976974902784018,Max,03-G07
6.595340871116948,6.658884653716379,23.849593519900697,7.018373748036863,3.573979061828113,0.5374175881937301,0.509477565146828,0.7363847149262891,0.42880440340210196,0.0006470488282800651,1.2821596374262558,0.42599578285514345,12.853924826300709,0.3334377438836409,6.325446909832738,0.09201361177541417,0.9828215646120461,Max,03-G08
6.517498831449608,6.548995546870705,22.81490331057732,7.497313416444009,3.287828079789625,0.522276288349268,0.6651305324051306,0.703717680371339,0.38848428794674644,0.0004645726854908618,1.594906618097602,0.5670483519732842,15.943639820654926,0.39574592854232016,6.153249618328385,0.08798011015652059,0.9565724665420154,Max,03-G09
6.015718169871539,6.084085981439027,16.177274616998403,6.23992984018527,2.955520924633361,0.5370650508653634,0.6692059311343693,0.759305273887026,0.4394230061069514,0.00020901825829805829,1.4798817411834482,0.5026910997259175,15.115153532490028,0.40253884935510875,5.681547132083918,0.09349663868868983,0.980633463042037,Max,03-G10
6.223080530721409,6.3244493723077895,18.54340298111656,5.666379689534799,3.114791313166333,0.5890389988121189,0.6355108546928114,0.6918760071491211,0.4619340068445786,7.288681015427046e-05,0.9292846646187778,0.5105583020532121,13.675658222242893,0.21800649089885304,6.106442881408936,0.18267599249893204,0.9954020051253056,Max,03-G12
6.23254089562114,6.29925823144737,18.39591466276547,7.088586845852884,3.6164401169965568,0.5229941944580978,0.6474173208106457,0.7646657270771412,0.4262414779462876,0.00036163036299582436,1.31601376002682,0.48752838485441713,14.358849732165282,0.20368385777755016,6.09557437366982,0.058999830273484766,0.986988558642711,Max,04-B01
6.710760319029467,6.806853191762736,26.2294259608532,6.750496176517126,3.7379776636189175,0.5560780188573815,0.5918974603649779,0.7389423031741448,0.4584145223107235,2.0716699267466477e-05,1.0654283040727455,0.46610211587764294,13.322492692447245,0.12008753101005532,6.68676566075268,0.11403619612424246,0.9981198415905205,Max,04-B11
6.258573637403804,6.381729621157897,19.703306485553142,8.228398837163805,3.9194229676045755,0.5293923105648998,0.6756555633733496,0.680483827721406,0.4487762437145198,0.0004966632251604374,1.2191467885596294,0.5304280027028453,13.090208275074373,0.17762490771263373,6.204104713445263,0.0628698428359874,0.9959147782938121,Max,04-C12
6.567840206289421,6.679630287408727,23.21759561596188,4.708209622017548,2.4552490436516976,0.5468870188504885,0.6812902012746586,0.7252934472834023,0.4879777251894245,0.0,0.9121749825073864,0.4729284415374228,12.44570385304887,0.11187775237078057,6.567752535037947,0.0937747568163423,0.9999992808846347,Max,04-D02
7.065347706168192,7.1912697297443255,33.70006996093439,7.129146818730763,3.8290947648834814,0.5373274126706423,0.6135880263351758,0.7700974764132877,0.46410072267517644,0.00019312123217442927,1.0969952814399768,0.5555696658202197,13.92457798332704,0.1618266382458966,7.029443091498429,0.07602619975559458,0.9986286255856901,Max,04-D03
6.4691069887504735,6.656374951572675,23.004093969627217,11.835177258793793,4.947842058119473,0.5171631006255807,0.6660949241070196,0.7540164947621331,0.45055704853084516,0.00027808209517906507,1.1041499018385896,0.46008927138798905,12.700972433734217,0.20382985946326038,6.452545092109415,0.035029791403573936,0.9992964098475875,Max,04-D04
6.552167898109213,6.619140897138474,23.09664847062139,7.494140657025583,4.0168201723027765,0.5139601119443006,0.6457713470744496,0.8807591324055143,0.48414091071128057,2.5142259997327905e-05,1.171697722771245,0.5372054310499793,14.238352069443586,0.07105557375945537,6.548085323379019,0.02808716910628635,0.9998330547823148,Max,04-D05
6.857580876881397,6.998341056655326,28.748415446595452,7.547945948173941,3.6902952600448917,0.5492466142334692,0.6152310449779884,0.8161579752067719,0.45718385142457507,0.00010186397887214257,1.0946581053321598,0.447322504788129,13.804535313674327,0.19885714765467455,6.799483909000651,0.10060375723204484,0.9978894712348936,Max,04-D06
6.3557064826166405,6.502651979592534,21.32989903746293,8.298566821384576,4.068297723907465,0.5380011226955026,0.6553180499797566,0.6487828523288798,0.452250998719224,0.0002528052539868088,1.021931850729715,0.47294070980902037,13.444814511253023,0.1637087600423648,6.33894321955017,0.0768827258415933,0.9991195195494119,Max,04-D08
6.456354064242374,6.411034480910377,21.86007237980844,9.294915746910032,4.52337016761648,0.5412798468776789,0.6378283084279843,0.6622383398020302,0.384550170800201,0.0023249482631780036,1.2077955297181293,0.531168514961651,14.73633118479334,0.363522393738668,6.047512087171709,0.11096370536010797,0.9715959883952499,Max,04-D09
6.345492040195754,6.363377176121688,20.2108759088502,5.829711878382075,3.0494224021541485,0.6126810559375008,0.6223304183327567,0.5569654552130721,0.37623605287528683,0.0015109193706240353,1.1124399602680732,0.4578630228569665,16.641121413752145,0.1961659024295539,6.167211273692134,0.23692687232881968,0.988435239546182,Max,04-D11
6.586117780999015,6.500720006385947,24.0168185630347,8.053877559465395,4.223955495659044,0.5398126043727813,0.6382682931132554,0.7670274512296498,0.38445149024106545,0.00019585919504742542,1.4195595772579468,0.6025740692637033,15.709784927081689,0.5344452874264043,5.966274718959543,0.1291874378992355,0.9504377708463272,Max,04-E08
6.947940784066513,7.085292144427083,30.79821652538803,8.004918542610186,4.422328536681246,0.5472260515640491,0.5109007846875004,0.696672684102572,0.44817120438688085,0.00032462022614352266,1.0966274833672571,0.41831655448043414,12.458890056842307,0.1830059735162699,6.902286170910813,0.09717789716368731,0.9972742059644109,Max,04-E12
6.705455569508183,6.7980038118761135,25.57589909463456,6.299755862855624,3.2067396334807814,0.5242176517277556,0.6510053480271841,0.8213676104610754,0.4571102005402898,9.266923741252983e-06,1.6003997845964144,0.5520772132873597,14.464835436025894,0.19009843290209005,6.607905378974023,0.056743448556525924,0.9916918548989851,Max,04-F04
6.748875902473081,6.853976680800066,26.553436778102938,9.287109083569497,4.888876845685048,0.5191718925250608,0.6127017557544214,0.8076679208888672,0.45557776371976977,4.646434085167787e-05,1.2450840016150195,0.43930310685893253,13.043260615453034,0.12010993863143149,6.733866742168635,0.04009990352494464,0.998243881525177,Max,04-F07
5.53535601518853,5.692902071841703,13.549258525196826,7.3032031363780785,3.0698383121575983,0.5158243815959027,0.6938449424297882,0.8020766346542915,0.447906695101827,0.00020635945722624927,1.0517118099598557,0.5322145224719026,14.332211319892092,0.23712375591943946,5.455778315922264,0.036077368671655737,0.9955713945201496,Max,04-F10
6.358956011718054,6.436307467781363,20.4245088950911,7.539948327093327,3.5574942231240336,0.5209469443710386,0.6389335898318411,0.8211290836723889,0.45560961629002267,0.00014044090907352523,1.0783217560610994,0.5282698887116025,14.484130216615815,0.14872449210273686,6.287582975678626,0.04489867840575955,0.9969952103363178,Max,04-F11
6.456310416323824,6.582246111857439,21.956016838100517,8.823959428045553,4.2608948232366055,0.5233904292987885,0.6193277366886828,0.7150338559023265,0.4470539957218025,0.00020225770630458482,0.9501874047421297,0.4965017715373177,11.980158866838547,0.19910146855123045,6.383144643306209,0.050703141597405056,0.9960777170001721,Max,04-F12
6.72253964653976,6.852916141778332,26.73049670581862,7.305062780355462,3.6455440303046283,0.5347849326643478,0.6124424971143807,0.6572212985282414,0.4000101983060197,9.135785441149875e-05,1.214690193224724,0.4869468115529338,12.200164107291403,0.23298885971424355,6.619927282064088,0.07724475114335987,0.9923251141853356,Max,04-G02
6.462776904994995,6.510884772080551,21.594011064068955,5.406066295463716,2.757403268273066,0.5668625118284145,0.6656689739550109,0.7833389759075974,0.4459315000139177,5.6702975016917546e-05,1.0458597581885525,0.5184253979907854,16.4361750863429,0.18472312668716384,6.3261616453933875,0.13802544765730068,0.9956995759995283,Max,04-G04
6.334302901959181,6.477893248000088,20.183263716971176,9.163364832770108,4.780045665437963,0.5284313294077005,0.6468647107293517,0.8670813087070344,0.4872964197417818,0.0,0.8401825287205962,0.5041821262240834,11.653931321077593,0.14399628668025066,6.333896961319837,0.05686469415565047,0.9999979646597505,Max,04-G05
6.945449745076182,7.1099899275902905,31.792296136509197,13.552485921548568,6.492442490378339,0.5218743609662713,0.5893720373801018,0.8819605288712972,0.4564392325123209,0.00011205813476189457,1.164110870706607,0.4709176533341395,12.462603017155017,0.24362620058885476,6.866363727001436,0.0465419921759165,0.997206729756626,Max,04-G07
6.954536773995223,7.073887659042166,30.648223098537468,7.554129450754691,4.024551016913544,0.5391178181953525,0.5092871213104274,0.8018675575045482,0.47465802976764293,4.624141891971223e-05,1.1191276786671682,0.4581402649673577,11.964000475864067,0.17723148901963803,6.896656170022528,0.08160898804392773,0.9966266483467774,Max,04-G11
6.564094471109765,6.587738591878852,23.880973761269765,7.530241467790303,3.883311300180561,0.6712840263865226,0.6322473975099627,0.7371212695011373,0.41706450799024636,0.001011597991581282,1.2486815544513674,0.46021976771922646,16.07190901746598,0.16065466872552037,6.427083923153331,0.3520547709156688,0.9905132818573764,Max,04-H04
6.336805047400668,6.446186743583123,21.092831355705606,8.664022984395542,4.278398964722308,0.5354514972218718,0.6383927283419836,0.8259063132725132,0.4468064408881654,7.072323715739521e-05,0.9709359995407789,0.49233848038421557,13.610783727032151,0.1776803877933677,6.268506355789755,0.0742698818233664,0.9966331126203772,Max,04-H07
6.817078384465397,6.945522450866504,28.61417507558839,8.121991533800461,4.265562600828056,0.5445339509975742,0.6046039001534748,0.8241716558495897,0.4803150146772312,1.7575148415324e-05,0.8629431952072347,0.49064619609525745,13.186948658307179,0.1332725270758992,6.8122499237906045,0.08912716186459997,0.9999407401305485,Max,04-H09
6.2241556631533825,6.412222799780368,20.241868617187023,5.546135595992671,2.6245232555000846,0.5319253616610383,0.6344868327396856,0.4703717408192145,0.4629217204547608,4.0853600312517134e-05,0.8620451194704668,0.44852663287397243,12.034761080009272,0.19219436283717428,6.220028436943194,0.06409809086848924,0.9997526324535874,Max,04-H11
7.055985028938443,7.2036440352056195,32.48525325467896,9.501898864467965,5.027317192949371,0.5417402548486068,0.509587558069608,0.5688765269692497,0.3728851314383501,0.002955436333410443,1.2017891033928803,0.36680359762921527,13.372679507685914,0.3541644040151173,6.849479631190502,0.1039261389871824,0.979554370710031,Max,05-A02
6.6450688043971695,6.744259456917144,24.601166662526076,6.052371340908817,3.0539792056764314,0.5371728907263829,0.6089695574333591,0.7666983889240216,0.4299323611590473,0.00045202837230513907,1.2134487329685062,0.4687211553225392,14.548727768972615,0.25296275629857945,6.491296700618564,0.08215656594503525,0.9921892155077304,Max,05-A03
6.5814535629551685,6.717968830625213,25.75428271848819,8.607909991596276,3.8075291581014703,0.5356121029254388,0.6470244365625684,0.7149405037036026,0.450424940280025,0.0003873800378906044,1.1600695254147468,0.45958953990766044,13.215621385643573,0.18575706893486021,6.532211761690353,0.07451460610335454,0.9967095997475232,Max,05-A06
6.772838923002672,7.213388878562366,34.37358707325363,14.570724170337815,5.880098426640594,0.5212865891942668,0.5159867435273324,0.8345258224967148,0.39202230238720787,0.00022328879848339668,1.1443015893330943,0.349078339978418,11.475262345405772,0.5369431366278388,6.676445741934527,0.047868952463769085,0.9947042259247646,Max,05-A08
7.1015863291173815,7.155614190412759,34.08031108966231,11.94617779020248,6.053968508958713,0.5317198196886428,0.5805483693514079,0.6649257990179351,0.39479646235231186,0.0016892198614658778,1.3600124820957813,0.4809304751200565,12.67833973811226,0.35394616514803623,6.801668025264723,0.0876313772348653,0.9758082621424203,Max,05-A09
6.894653121560083,7.154905012912018,29.201615963774852,8.491708809641219,4.4349840220220615,0.58238032690188,0.6399789240748159,0.757942067978442,0.4393994159671419,0.00017851190377185538,1.0467398679491846,0.47083875824129284,14.126934541583566,0.34733343919648973,6.807571573715529,0.16839981005997304,0.996360843743787,Max,05-A10
6.307720820241919,6.480424638167942,23.448974717697823,9.776249344689921,4.4311429919438865,0.5244189934179099,0.6785573591133248,0.821647886553058,0.47076284507238564,0.00010108273652954173,0.9578932003708193,0.5474006806270384,14.619082244607899,0.17774309073424988,6.302681547433692,0.04907687587715805,0.9997611109586617,Max,05-B01
6.916777521146424,6.9903581430554045,29.772192313362865,10.29440347809496,4.80981337560402,0.5283125684164781,0.5984345432703516,0.7508290752805503,0.44130153357346485,0.0006678416970548992,1.5179195670166856,0.47329716693793705,12.617584797847305,0.25857243027956756,6.731785712775837,0.06884177303051549,0.9877833638024407,Max,05-B02
6.192900953413589,6.092294206069862,18.028124765879184,9.011501413384151,3.675946949487145,0.5672486064221085,0.627823446818205,0.34357709346282544,0.2708319242833547,0.005754287452632373,1.3055079299975654,0.4411098210613795,17.07714884103701,0.3583093323377007,5.733984873732162,0.1907675789776575,0.9437296338665595,Max,05-B03
7.081662978663703,7.222369946432339,34.968059592185085,13.769593065564537,6.591969644887314,0.5329642706719754,0.5792375921495654,0.6286713443230024,0.3618995717980382,0.0016153603430914315,1.2958974081763965,0.4570208935392554,13.112680781251704,0.25622304696543274,6.9661468994669065,0.0740876361555259,0.9918409051884249,Max,05-B04
7.0367267784765275,7.0931221097225405,32.17378191939113,12.700940816572981,6.426864738674827,0.5075211551085362,0.5770917768795247,0.9322313331906538,0.46248613645564035,0.00011530606521784634,1.5409074979229014,0.4749100238335276,13.817984986629481,0.1146612354958858,6.978460874226655,0.018445426235267258,0.9965968839818052,Max,05-B06
6.683787557419857,6.805656643074359,25.914071829518562,8.524978005148368,4.0235314952301495,0.5517674292631052,0.653791587517268,0.6844248768626625,0.3849991233641413,0.0008859839342513429,1.0738083252868942,0.5055820052464399,13.871647007702393,0.35988105723598807,6.445775585838371,0.11937768650987395,0.9841571720163365,Max,05-B10
6.485697489234288,6.499070028890831,22.169028774038285,7.789980873688014,3.269396982724196,0.573185191478816,0.7044440089454126,0.36271410848185065,0.3303440014809875,0.004566862853420509,1.37544821049361,0.3702058610216652,16.726246337788325,0.405489275021111,6.09358075386972,0.20266768427409487,0.9437026986835371,Max,05-C04
6.291447415099716,6.349171946800715,20.105409022930356,5.9083258342490135,2.878361779935237,0.5498071212164243,0.6888328407469705,0.6714796572191163,0.4495093057233437,0.0008521513898712878,1.3368627481914728,0.47268291893573816,15.376293750710149,0.18001022238772713,6.169161724412988,0.10829368229189992,0.9913205601409487,Max,05-C06
6.440980037943291,6.545548652365583,21.401610984491207,7.041920901652738,3.567493369350609,0.5579481271954588,0.6123301814199616,0.5982116567763407,0.43085210316334943,0.0009219817413287778,1.020079169037199,0.4218373343159855,14.69812549431541,0.15298875153724012,6.392559900828343,0.1191927439030018,0.996703510487916,Max,05-C08
6.542445413372077,6.626502439286598,23.13052191113664,7.548759133493588,3.589115013672061,0.5140876865099052,0.6445074627795622,0.9214550899950192,0.48146463506819476,2.637934170723203e-05,1.2011255854729772,0.5063881350837459,12.955564202468937,0.10672139006759451,6.519781049219003,0.028793175438846644,0.9993821975809638,Max,05-C11
6.369317167920334,6.435716642719338,20.18336957154245,6.3699298129039805,3.5898473576635337,0.5387523628408589,0.63235066275614,0.8061420928208611,0.45607843913326984,0.0005642762842156351,1.1624148667189513,0.45835401275500276,15.02610236250465,0.1600389947432852,6.275677647976053,0.08124807998515629,0.9962566456965616,Max,05-D04
5.712572510048357,5.827186573442574,12.822189821451225,3.233031161836221,1.688173779087881,0.5717637588491953,0.743510060706934,0.653455961562339,0.470574122142299,3.61907344123731e-05,0.9254861361885756,0.539536695443335,16.651740428304407,0.12111233598820803,5.706074237454366,0.1440065435392409,0.9995209741591496,Max,05-D09
6.795026721341475,6.894516606968855,27.72475048199277,14.984325618469889,7.4566128494283666,0.5113531919150367,0.5956137964642243,0.9214864142449557,0.4733621403330812,4.9169540062357366e-05,1.1885940509379798,0.4729445725112097,14.155737327473528,0.12223056699881418,6.772286039970041,0.023527043361339046,0.9991793404687342,Max,05-E01
6.4996143874079015,6.63529492332512,26.21912797637346,17.703919538834935,6.79377745081049,0.507989932098199,0.661428502189233,0.9208776246159275,0.4602017469114075,9.60833437744822e-05,1.3842742734476987,0.5315892107241679,12.30408054098707,0.21117009096924644,6.424124832355874,0.020679468044909867,0.9953003961514881,Max,05-E02
7.146506017003829,7.055171707360511,34.80144474261685,11.801561970176596,6.042894266779266,0.5440252648563861,0.565807248241001,0.6420490323928255,0.33566960894344966,0.002984587704055547,1.3386806096857116,0.519457680732854,14.026652219389666,0.4794274305262256,6.5757442768342855,0.13322897827827532,0.9548215514344969,Max,05-E04
6.593116906370672,6.701344665859459,23.966892867995487,9.99596494652309,5.456391926355373,0.5253361131814331,0.6027310203978592,0.7899140802453051,0.4526869696779379,0.00014020320318869388,0.9670670179210108,0.4648984776736336,13.713990968900623,0.11933600952313661,6.582008656336322,0.05116132891814812,0.9995108974447182,Max,05-E06
6.84493507174918,7.054349648615469,29.415716321425485,8.729136455766032,4.445473676236242,0.5703794871842685,0.5875235487647994,0.8251298907660926,0.42671554845390935,0.00011557455482369166,1.2626764766373535,0.3736771899581067,14.855811713211402,0.40807984467801717,6.646269803937452,0.1481170096673342,0.9926419647012026,Max,05-F05
6.86608047586509,6.96277003074525,29.07008647797124,9.090176477345063,4.368184495830652,0.5386424402638725,0.5022865982605962,0.6254241063466077,0.3801265076095911,0.001849925763568327,1.4002689751585105,0.4360416982288102,13.54066906864309,0.35337239117887265,6.609397639566377,0.10394755294688561,0.9733373275808596,Max,05-G06
6.221061468876788,6.387788144089751,18.541540918270048,6.438636715353372,3.039191745375384,0.5719097043436517,0.684683212585774,0.7110496502673165,0.4248067899591065,0.0005417081393422577,0.8357859822488952,0.5571474143374412,15.64654371159058,0.24515852459147425,6.142629619498277,0.1478507771586522,0.9959686315286513,Max,05-H02
6.374588068570313,6.437280460314629,20.43898016850735,6.763423178240545,3.149208169963783,0.5494405829601743,0.5158128859808935,0.6023712838577827,0.41763059048250967,0.0021686593600092267,1.2527403332348097,0.4264267498065861,14.415562607302553,0.25337855788166763,6.183901902432962,0.11545844670591843,0.9834227192144303,Max,05-H03
6.597220009489872,6.710119509832413,24.87171384058142,9.241263096442527,4.460077707316315,0.5371660934761294,0.6256955051847368,0.697441492522478,0.3965163783984528,0.0012444189370293829,1.1157308161683013,0.4613470543792923,14.58638659807973,0.22227787391095433,6.487841635921459,0.08066331069850044,0.9936688762537584,Max,05-H05
5.831444828654437,5.938795669878188,16.826779294522932,12.36735514678708,4.651256178361191,0.5134666866017477,0.6832168451545173,0.7737390419932182,0.3786133615165752,0.0018992950659703408,1.3524503386257392,0.5321244431271575,14.631089522962416,0.38964383187233853,5.54915183800585,0.04170450064264881,0.9852288725608465,Max,06-D06
6.295824700390407,6.317553693898126,19.714812010705153,6.884420067086976,3.1759217858537583,0.519203537805857,0.6519799187116511,0.48832339098987154,0.3987057004501394,0.001877827326449006,1.1420339611366166,0.4889279566219201,12.680473698381494,0.17339326463912563,6.144160429259,0.054134251060675306,0.9842728245510388,Max,08-F07
